,timestamp,fecha,id,precio,cant,coste
0,1580943474540,2020-02-05 22:57:54.540,1754679,9631.96,0.450475,4338.957181
1,1580943502775,2020-02-05 22:58:22.775,1754680,9630.35,0.002077,20.00223695
2,1580943502775,2020-02-05 22:58:22.775,1754681,9630.36,0.009689,93.30855804
3,1580943502775,2020-02-05 22:58:22.775,1754682,9630.47,0.020767,199.99597049
4,1580943502835,2020-02-05 22:58:22.835,1754683,9631.0,0.462825,4457.467575
5,1580943502943,2020-02-05 22:58:22.943,1754684,9631.01,0.004458,42.93504258
6,1580943503044,2020-02-05 22:58:23.044,1754685,9631.0,0.033542,323.043002
7,1580943503154,2020-02-05 22:58:23.154,1754686,9631.0,0.144186,1388.655366
8,1580943503245,2020-02-05 22:58:23.245,1754687,9631.0,0.352719,3397.036689
9,1580943503362,2020-02-05 22:58:23.362,1754688,9631.0,0.496526,4782.041906
10,1580943503458,2020-02-05 22:58:23.458,1754689,9631.0,0.510529,4916.904799
11,1580943503555,2020-02-05 22:58:23.555,1754690,9631.0,0.492945,4747.553295
12,1580943503576,2020-02-05 22:58:23.576,1754691,9631.0,0.013894,133.813114
13,1580943503658,2020-02-05 22:58:23.658,1754692,9631.0,0.09031,869.77561
14,1580943503774,2020-02-05 22:58:23.774,1754693,9631.0,0.14,1348.34
15,1580943503890,2020-02-05 22:58:23.890,1754694,9631.0,0.003746,36.077726
16,1580943503995,2020-02-05 22:58:23.995,1754695,9631.0,0.020765,199.987715
17,1580943504092,2020-02-05 22:58:24.092,1754696,9631.0,0.458991,4420.542321
18,1580943504209,2020-02-05 22:58:24.209,1754697,9631.0,0.017338,166.982278
19,1580943504302,2020-02-05 22:58:24.302,1754698,9631.0,0.020765,199.987715
20,1580943504405,2020-02-05 22:58:24.405,1754699,9631.0,0.013268,127.784108
21,1580943504514,2020-02-05 22:58:24.514,1754700,9631.0,0.502748,4841.965988
22,1580943504617,2020-02-05 22:58:24.617,1754701,9631.0,0.148204,1427.352724
23,1580943504725,2020-02-05 22:58:24.725,1754702,9631.0,0.461533,4445.024323
24,1580943504824,2020-02-05 22:58:24.824,1754703,9631.0,0.038467,370.475677
25,1580943504936,2020-02-05 22:58:24.936,1754704,9631.0,0.115803,1115.298693
26,1580943505045,2020-02-05 22:58:25.045,1754705,9631.0,0.01,96.31
27,1580943505147,2020-02-05 22:58:25.147,1754706,9631.0,0.01,96.31
28,1580943505251,2020-02-05 22:58:25.251,1754707,9631.0,0.1,963.1
29,1580943505365,2020-02-05 22:58:25.365,1754708,9631.0,0.485738,4678.142678
30,1580943505467,2020-02-05 22:58:25.467,1754709,9631.0,0.014193,136.692783
31,1580943512074,2020-02-05 22:58:32.074,1754710,9631.01,0.011824,113.87706224
32,1580943513304,2020-02-05 22:58:33.304,1754711,9631.69,0.002789,26.86278341
33,1580943514236,2020-02-05 22:58:34.236,1754712,9631.7,0.012464,120.0495088
34,1580943572133,2020-02-05 22:59:32.133,1754713,9633.01,0.004076,39.26414876
35,1580943572133,2020-02-05 22:59:32.133,1754714,9633.0,0.052497,505.703601
36,1580943583426,2020-02-05 22:59:43.426,1754715,9633.93,0.010953,105.52043529
37,1580943583426,2020-02-05 22:59:43.426,1754716,9634.0,0.021491,207.044294
38,1580943583426,2020-02-05 22:59:43.426,1754717,9634.08,0.020759,199.99386672
39,1580943583426,2020-02-05 22:59:43.426,1754718,9634.68,0.046797,450.87411996
40,1580943598801,2020-02-05 22:59:58.801,1754719,9634.46,0.011218,108.07937228
41,1580943598801,2020-02-05 22:59:58.801,1754720,9634.49,0.01213,116.8663637
42,1580943598801,2020-02-05 22:59:58.801,1754721,9634.49,0.01213,116.8663637
43,1580943598801,2020-02-05 22:59:58.801,1754722,9634.49,0.01213,116.8663637
44,1580943598801,2020-02-05 22:59:58.801,1754723,9634.49,0.01213,116.8663637
45,1580943598801,2020-02-05 22:59:58.801,1754724,9634.49,0.01213,116.8663637
46,1580943598801,2020-02-05 22:59:58.801,1754725,9634.49,0.01213,116.8663637
47,1580943598801,2020-02-05 22:59:58.801,1754726,9634.49,0.01213,116.8663637
48,1580943598801,2020-02-05 22:59:58.801,1754727,9634.49,0.003872,37.30474528
49,1580943603718,2020-02-05 23:00:03.718,1754728,9633.01,0.004154,40.01552354
50,1580943603718,2020-02-05 23:00:03.718,1754729,9633.01,0.02,192.6602
51,1580943603718,2020-02-05 23:00:03.718,1754730,9632.69,0.020761,199.98427709
52,1580943603718,2020-02-05 23:00:03.718,1754731,9631.57,0.017233,165.98084581
53,1580943603718,2020-02-05 23:00:03.718,1754732,9631.56,0.077,741.63012
54,1580943603718,2020-02-05 23:00:03.718,1754733,9629.06,0.023052,221.96909112
55,1580943608811,2020-02-05 23:00:08.811,1754734,9633.2,0.01038,99.992616
56,1580943608811,2020-02-05 23:00:08.811,1754735,9634.16,0.014933,143.86691128
57,1580943608811,2020-02-05 23:00:08.811,1754736,9634.17,0.02,192.6834
58,1580943608811,2020-02-05 23:00:08.811,1754737,9634.32,0.1,963.432
59,1580943608811,2020-02-05 23:00:08.811,1754738,9634.33,0.054687,526.87260471
60,1580943609959,2020-02-05 23:00:09.959,1754739,9634.33,0.01486,143.1661438
61,1580943610068,2020-02-05 23:00:10.068,1754740,9634.33,0.057808,556.94134864
62,1580943614507,2020-02-05 23:00:14.507,1754741,9634.23,0.020759,199.99698057
63,1580943614605,2020-02-05 23:00:14.605,1754742,9634.33,0.089483,862.10875139
64,1580943614715,2020-02-05 23:00:14.715,1754743,9634.33,0.099502,958.63510366
65,1580943614812,2020-02-05 23:00:14.812,1754744,9634.33,0.057265,551.70990745
66,1580943614926,2020-02-05 23:00:14.926,1754745,9634.33,0.032983,317.76910639
67,1580943615023,2020-02-05 23:00:15.023,1754746,9634.33,0.018975,182.81141175
68,1580943615132,2020-02-05 23:00:15.132,1754747,9634.33,0.493473,4754.28172809
69,1580943615238,2020-02-05 23:00:15.238,1754748,9634.33,0.015115,145.62289795
70,1580943615344,2020-02-05 23:00:15.344,1754749,9634.33,0.065849,634.41099617
71,1580943615459,2020-02-05 23:00:15.459,1754750,9634.43,0.020759,200.00113237
72,1580943615552,2020-02-05 23:00:15.552,1754751,9634.69,0.002077,20.01125113
73,1580943615649,2020-02-05 23:00:15.649,1754752,9634.87,0.002077,20.01162499
74,1580943615763,2020-02-05 23:00:15.763,1754753,9634.88,0.507442,4889.14277696
75,1580943616195,2020-02-05 23:00:16.195,1754754,9634.48,0.026276,253.15559648
76,1580943616310,2020-02-05 23:00:16.310,1754755,9634.48,0.07556,727.9813088
77,1580943616396,2020-02-05 23:00:16.396,1754756,9634.48,0.07556,727.9813088
78,1580943616507,2020-02-05 23:00:16.507,1754757,9634.48,0.488752,4708.87136896
79,1580943616823,2020-02-05 23:00:16.823,1754758,9634.87,0.043468,418.80852916
80,1580943617145,2020-02-05 23:00:17.145,1754759,9634.94,0.025045,241.3070723
81,1580943617244,2020-02-05 23:00:17.244,1754760,9634.94,0.014433,139.06108902
82,1580943618084,2020-02-05 23:00:18.084,1754761,9635.83,0.0192,185.007936
83,1580943618190,2020-02-05 23:00:18.190,1754762,9636.81,0.269627,2598.34416987
84,1580943618296,2020-02-05 23:00:18.296,1754763,9636.81,0.038841,374.30333721
85,1580943618611,2020-02-05 23:00:18.611,1754764,9636.94,0.023092,222.53621848
86,1580943618717,2020-02-05 23:00:18.717,1754765,9636.94,0.411904,3969.49413376
87,1580943622523,2020-02-05 23:00:22.523,1754766,9639.98,0.012122,116.85583756
88,1580943622635,2020-02-05 23:00:22.635,1754767,9639.98,0.012122,116.85583756
89,1580943622739,2020-02-05 23:00:22.739,1754768,9639.98,0.012122,116.85583756
90,1580943622832,2020-02-05 23:00:22.832,1754769,9639.98,0.012122,116.85583756
91,1580943622934,2020-02-05 23:00:22.934,1754770,9639.98,0.012122,116.85583756
92,1580943623041,2020-02-05 23:00:23.041,1754771,9639.98,0.012122,116.85583756
93,1580943623135,2020-02-05 23:00:23.135,1754772,9639.98,0.012122,116.85583756
94,1580943623244,2020-02-05 23:00:23.244,1754773,9639.98,0.012122,116.85583756
95,1580943623348,2020-02-05 23:00:23.348,1754774,9639.97,0.00228,21.9791316
96,1580943623453,2020-02-05 23:00:23.453,1754775,9639.98,0.012122,116.85583756
97,1580943623561,2020-02-05 23:00:23.561,1754776,9639.98,0.012122,116.85583756
98,1580943624722,2020-02-05 23:00:24.722,1754777,9643.82,0.00228,21.9879096
99,1580943635692,2020-02-05 23:00:35.692,1754778,9643.72,0.010366,99.96680152
100,1580943635790,2020-02-05 23:00:35.790,1754779,9643.71,0.02,192.8742
101,1580943652902,2020-02-05 23:00:52.902,1754780,9642.51,0.002077,20.02749327
102,1580943652902,2020-02-05 23:00:52.902,1754781,9642.51,0.020741,199.99529991
103,1580943653747,2020-02-05 23:00:53.747,1754782,9642.03,0.020742,199.99498626
104,1580943653868,2020-02-05 23:00:53.868,1754783,9641.93,0.010367,99.95788831
105,1580943654183,2020-02-05 23:00:54.183,1754784,9640.23,0.010368,99.94990464
106,1580943654309,2020-02-05 23:00:54.309,1754785,9640.22,0.020746,199.99600412
107,1580943654736,2020-02-05 23:00:54.736,1754786,9638.84,0.010369,99.94513196
108,1580943654815,2020-02-05 23:00:54.815,1754787,9638.83,0.052581,506.81932023
109,1580943665198,2020-02-05 23:01:05.198,1754788,9639.87,0.010366,99.92689242
110,1580943682057,2020-02-05 23:01:22.057,1754789,9641.53,0.031104,299.89014912
111,1580943692887,2020-02-05 23:01:32.887,1754790,9643.97,0.002074,20.00159378
112,1580943692887,2020-02-05 23:01:32.887,1754791,9643.98,0.007181,69.25342038
113,1580943694229,2020-02-05 23:01:34.229,1754792,9644.0,0.094003,906.564932
114,1580943694338,2020-02-05 23:01:34.338,1754793,9644.0,0.041838,403.485672
115,1580943694450,2020-02-05 23:01:34.450,1754794,9644.0,0.035,337.54
116,1580943694540,2020-02-05 23:01:34.540,1754795,9644.0,0.3,2893.2
117,1580943694646,2020-02-05 23:01:34.646,1754796,9644.0,0.017483,168.606052
118,1580943735176,2020-02-05 23:02:15.176,1754797,9647.53,0.012727,122.78411431
119,1580943735176,2020-02-05 23:02:15.176,1754798,9647.64,0.02,192.9528
120,1580943735176,2020-02-05 23:02:15.176,1754799,9647.73,0.002074,20.00939202
121,1580943735176,2020-02-05 23:02:15.176,1754800,9648.96,0.009124,88.03711104
122,1580943735176,2020-02-05 23:02:15.176,1754801,9648.97,0.012109,116.83937773
123,1580943735176,2020-02-05 23:02:15.176,1754802,9648.97,0.012109,116.83937773
124,1580943735176,2020-02-05 23:02:15.176,1754803,9648.97,0.012109,116.83937773
125,1580943735176,2020-02-05 23:02:15.176,1754804,9648.97,0.012109,116.83937773
126,1580943735176,2020-02-05 23:02:15.176,1754805,9648.97,0.012109,116.83937773
127,1580943735176,2020-02-05 23:02:15.176,1754806,9648.97,0.012109,116.83937773
128,1580943735176,2020-02-05 23:02:15.176,1754807,9648.97,0.012109,116.83937773
129,1580943735176,2020-02-05 23:02:15.176,1754808,9648.97,0.012109,116.83937773
130,1580943735176,2020-02-05 23:02:15.176,1754809,9648.97,0.012109,116.83937773
131,1580943735176,2020-02-05 23:02:15.176,1754810,9648.97,0.012109,116.83937773
132,1580943735176,2020-02-05 23:02:15.176,1754811,9648.98,0.1,964.898
133,1580943735176,2020-02-05 23:02:15.176,1754812,9648.99,0.075,723.67425
134,1580943735176,2020-02-05 23:02:15.176,1754813,9649.0,0.939671,9066.885479
135,1580943741742,2020-02-05 23:02:21.742,1754814,9648.33,0.012663,122.17680279
136,1580943741742,2020-02-05 23:02:21.742,1754815,9648.58,0.020728,199.99576624
137,1580943741742,2020-02-05 23:02:21.742,1754816,9648.98,0.007135,68.8454723
138,1580943741742,2020-02-05 23:02:21.742,1754817,9648.99,0.075,723.67425
139,1580943741742,2020-02-05 23:02:21.742,1754818,9649.0,2.73002,26341.96298
140,1580943741853,2020-02-05 23:02:21.853,1754819,9650.01,0.006974,67.29916974
141,1580943741853,2020-02-05 23:02:21.853,1754820,9650.0,0.093026,897.7009
142,1580943741952,2020-02-05 23:02:21.952,1754821,9650.0,0.01658,159.997
143,1580943742097,2020-02-05 23:02:22.097,1754822,9650.0,0.480251,4634.42215
144,1580943742184,2020-02-05 23:02:22.184,1754823,9650.0,0.0954,920.61
145,1580943742286,2020-02-05 23:02:22.286,1754824,9650.0,0.1,965.0
146,1580943742375,2020-02-05 23:02:22.375,1754825,9650.0,0.146141,1410.26065
147,1580943742484,2020-02-05 23:02:22.484,1754826,9650.0,0.062253,600.74145
148,1580943766495,2020-02-05 23:02:46.495,1754827,9649.98,0.005152,49.71669696
149,1580943766495,2020-02-05 23:02:46.495,1754828,9650.5,0.055,530.7775
150,1580943766495,2020-02-05 23:02:46.495,1754829,9650.97,0.012106,116.83464282
151,1580943766495,2020-02-05 23:02:46.495,1754830,9650.97,0.012106,116.83464282
152,1580943766495,2020-02-05 23:02:46.495,1754831,9650.97,0.012106,116.83464282
153,1580943766495,2020-02-05 23:02:46.495,1754832,9650.97,0.00353,34.0679241
154,1580943772171,2020-02-05 23:02:52.171,1754833,9650.86,0.002074,20.01588364
155,1580943772171,2020-02-05 23:02:52.171,1754834,9650.86,0.020723,199.99477178
156,1580943772171,2020-02-05 23:02:52.171,1754835,9650.99,0.075,723.82425
157,1580943772171,2020-02-05 23:02:52.171,1754836,9651.01,0.002203,21.26117503
158,1580943777449,2020-02-05 23:02:57.449,1754837,9650.91,0.020723,199.99580793
159,1580943777449,2020-02-05 23:02:57.449,1754838,9651.02,0.018037,174.07544774
160,1580943777449,2020-02-05 23:02:57.449,1754839,9651.39,0.021386,206.40462654
161,1580943777449,2020-02-05 23:02:57.449,1754840,9653.18,0.003796,36.64347128
162,1580943777449,2020-02-05 23:02:57.449,1754841,9653.19,0.036058,348.07472502
163,1580943782510,2020-02-05 23:03:02.510,1754842,9647.52,0.02073,199.9930896
164,1580943782628,2020-02-05 23:03:02.628,1754843,9647.46,0.010359,99.93803814
165,1580943782835,2020-02-05 23:03:02.835,1754844,9647.21,0.010362,99.96439002
166,1580943782950,2020-02-05 23:03:02.950,1754845,9647.21,0.010362,99.96439002
167,1580943783061,2020-02-05 23:03:03.061,1754846,9647.21,0.010362,99.96439002
168,1580943783167,2020-02-05 23:03:03.167,1754847,9647.2,0.002074,20.0082928
169,1580943784029,2020-02-05 23:03:04.029,1754848,9646.64,0.002073,19.99748472
170,1580943784029,2020-02-05 23:03:04.029,1754849,9646.64,0.02,192.9328
171,1580943794892,2020-02-05 23:03:14.892,1754850,9644.68,0.020737,200.00172916
172,1580943810948,2020-02-05 23:03:30.948,1754851,9643.13,0.02074,199.9985162
173,1580943811786,2020-02-05 23:03:31.786,1754852,9642.54,0.055,530.3397
174,1580943836573,2020-02-05 23:03:56.573,1754853,9644.53,0.010359,99.90768627
175,1580943836573,2020-02-05 23:03:56.573,1754854,9644.54,0.002073,19.99313142
176,1580943983843,2020-02-05 23:06:23.843,1754855,9645.59,0.013743,132.55934337
177,1580943984232,2020-02-05 23:06:24.232,1754856,9645.56,0.020735,200.0006866
178,1580943984232,2020-02-05 23:06:24.232,1754857,9645.3,0.002074,20.0043522
179,1580943984232,2020-02-05 23:06:24.232,1754858,9645.29,0.01417,136.6737593
180,1580943984232,2020-02-05 23:06:24.232,1754859,9645.09,0.02,192.9018
181,1580943984232,2020-02-05 23:06:24.232,1754860,9644.69,0.016041,154.71047229
182,1580943984232,2020-02-05 23:06:24.232,1754861,9644.67,0.010365,99.96700455
183,1580944017685,2020-02-05 23:06:57.685,1754862,9644.0,0.002074,20.001656
184,1580944089540,2020-02-05 23:08:09.540,1754863,9641.77,0.020743,199.99923511
185,1580944090495,2020-02-05 23:08:10.495,1754864,9641.21,0.002074,19.99586954
186,1580944093273,2020-02-05 23:08:13.273,1754865,9641.89,0.010841,104.52772949
187,1580944093273,2020-02-05 23:08:13.273,1754866,9642.03,0.031086,299.73214458
188,1580944093273,2020-02-05 23:08:13.273,1754867,9642.19,0.063301,610.36026919
189,1580944093273,2020-02-05 23:08:13.273,1754868,9642.28,0.122846,1184.51552888
190,1580944105735,2020-02-05 23:08:25.735,1754869,9641.95,0.002074,19.9974043
191,1580944105735,2020-02-05 23:08:25.735,1754870,9641.95,0.02,192.839
192,1580944106567,2020-02-05 23:08:26.567,1754871,9642.11,0.010365,99.94047015
193,1580944149985,2020-02-05 23:09:09.985,1754872,9644.0,0.001088,10.492672
194,1580944149985,2020-02-05 23:09:09.985,1754873,9644.0,0.002074,20.001656
195,1580944150097,2020-02-05 23:09:10.097,1754874,9644.67,0.003269,31.52842623
196,1580944151669,2020-02-05 23:09:11.669,1754875,9646.03,0.259176,2500.01947128
197,1580944151786,2020-02-05 23:09:11.786,1754876,9647.91,0.259155,2500.30411605
198,1580944198549,2020-02-05 23:09:58.549,1754877,9648.26,0.002074,20.01049124
199,1580944198549,2020-02-05 23:09:58.549,1754878,9648.26,0.005388,51.98482488
200,1580944211005,2020-02-05 23:10:11.005,1754879,9648.26,0.015341,148.01395666
201,1580944239584,2020-02-05 23:10:39.584,1754880,9649.51,0.002074,20.01308374
202,1580944242870,2020-02-05 23:10:42.870,1754881,9648.19,0.008166,78.78711954
203,1580944244535,2020-02-05 23:10:44.535,1754882,9652.85,0.1,965.285
204,1580944299407,2020-02-05 23:11:39.407,1754883,9652.32,0.002074,20.01891168
205,1580944299407,2020-02-05 23:11:39.407,1754884,9652.32,0.02072,199.9960704
206,1580944301091,2020-02-05 23:11:41.091,1754885,9651.74,0.020721,199.99370454
207,1580944301202,2020-02-05 23:11:41.202,1754886,9651.73,0.020721,199.99349733
208,1580944306526,2020-02-05 23:11:46.526,1754887,9651.63,0.010357,99.96193191
209,1580944317185,2020-02-05 23:11:57.185,1754888,9650.38,0.002072,19.99558736
210,1580944317281,2020-02-05 23:11:57.281,1754889,9650.37,0.010359,99.96818283
211,1580944323136,2020-02-05 23:12:03.136,1754890,9647.71,0.010361,99.95992331
212,1580944323244,2020-02-05 23:12:03.244,1754891,9646.94,0.010361,99.95194534
213,1580944336827,2020-02-05 23:12:16.827,1754892,9648.73,0.010357,99.93189661
214,1580944336827,2020-02-05 23:12:16.827,1754893,9648.83,0.009159,88.37363397
215,1580944336827,2020-02-05 23:12:16.827,1754894,9648.87,0.02,192.9774
216,1580944336912,2020-02-05 23:12:16.912,1754895,9650.0,0.035,337.75
217,1580944337549,2020-02-05 23:12:17.549,1754896,9650.01,0.00256,24.7040256
218,1580944337663,2020-02-05 23:12:17.663,1754897,9650.0,0.149231,1440.07915
219,1580944340286,2020-02-05 23:12:20.286,1754898,9650.0,0.035,337.75
220,1580944341118,2020-02-05 23:12:21.118,1754899,9650.0,0.1,965.0
221,1580944359910,2020-02-05 23:12:39.910,1754900,9650.02,0.002072,19.99484144
222,1580944359910,2020-02-05 23:12:39.910,1754901,9650.02,0.02,193.0004
223,1580944367355,2020-02-05 23:12:47.355,1754902,9650.35,0.002982,28.7773437
224,1580944367355,2020-02-05 23:12:47.355,1754903,9650.43,0.031081,299.94501483
225,1580944367420,2020-02-05 23:12:47.420,1754904,9651.0,0.043838,423.080538
226,1580944367529,2020-02-05 23:12:47.529,1754905,9651.0,0.085574,825.874674
227,1580944369512,2020-02-05 23:12:49.512,1754906,9651.0,0.450142,4344.320442
228,1580944369621,2020-02-05 23:12:49.621,1754907,9651.0,0.511974,4941.061074
229,1580944369735,2020-02-05 23:12:49.735,1754908,9651.0,0.155714,1502.795814
230,1580944370167,2020-02-05 23:12:50.167,1754909,9651.0,0.3,2895.3
231,1580944370269,2020-02-05 23:12:50.269,1754910,9651.0,0.1,965.1
232,1580944370791,2020-02-05 23:12:50.791,1754911,9651.0,0.158823,1532.800773
233,1580944370902,2020-02-05 23:12:50.902,1754912,9651.0,0.101611,980.647761
234,1580944371001,2020-02-05 23:12:51.001,1754913,9651.0,0.149612,1443.905412
235,1580944371110,2020-02-05 23:12:51.110,1754914,9651.0,0.044728,431.669928
236,1580944374190,2020-02-05 23:12:54.190,1754915,9651.0,0.1,965.1
237,1580944375648,2020-02-05 23:12:55.648,1754916,9651.0,0.2,1930.2
238,1580944377780,2020-02-05 23:12:57.780,1754917,9651.0,0.029356,283.314756
239,1580944380744,2020-02-05 23:13:00.744,1754918,9651.01,0.075,723.82575
240,1580944380854,2020-02-05 23:13:00.854,1754919,9651.0,0.04305,415.47555
241,1580944381063,2020-02-05 23:13:01.063,1754920,9651.01,0.075,723.82575
242,1580944381382,2020-02-05 23:13:01.382,1754921,9651.01,0.075,723.82575
243,1580944381707,2020-02-05 23:13:01.707,1754922,9651.01,0.03034,292.8116434
244,1580944390682,2020-02-05 23:13:10.682,1754923,9651.02,0.002072,19.99691344
245,1580944393253,2020-02-05 23:13:13.253,1754924,9651.0,0.3,2895.3
246,1580944394816,2020-02-05 23:13:14.816,1754925,9651.0,0.172243,1662.317193
247,1580944394928,2020-02-05 23:13:14.928,1754926,9651.0,0.173975,1679.032725
248,1580944395239,2020-02-05 23:13:15.239,1754927,9651.0,0.035029,338.064879
249,1580944397780,2020-02-05 23:13:17.780,1754928,9651.0,0.033528,323.578728
250,1580944397896,2020-02-05 23:13:17.896,1754929,9651.0,0.090776,876.079176
251,1580944416997,2020-02-05 23:13:36.997,1754930,9651.01,0.052939,510.91481839
252,1580944417524,2020-02-05 23:13:37.524,1754931,9651.0,0.086003,830.014953
253,1580944417639,2020-02-05 23:13:37.639,1754932,9651.0,0.049496,477.685896
254,1580944417736,2020-02-05 23:13:37.736,1754933,9651.0,0.028483,274.889433
255,1580944417841,2020-02-05 23:13:37.841,1754934,9651.0,0.016385,158.131635
256,1580944417960,2020-02-05 23:13:37.960,1754935,9651.0,0.291836,2816.509236
257,1580944431488,2020-02-05 23:13:51.488,1754936,9650.04,0.002073,20.00453292
258,1580944431597,2020-02-05 23:13:51.597,1754937,9650.02,0.018993,183.28282986
259,1580944432039,2020-02-05 23:13:52.039,1754938,9650.02,0.079254,764.80268508
260,1580944432142,2020-02-05 23:13:52.142,1754939,9650.02,0.061382,592.33752764
261,1580944432358,2020-02-05 23:13:52.358,1754940,9650.02,0.061382,592.33752764
262,1580944432457,2020-02-05 23:13:52.457,1754941,9650.02,0.238618,2302.66847236
263,1580944433325,2020-02-05 23:13:53.325,1754942,9650.02,0.130109,1255.55445218
264,1580944433425,2020-02-05 23:13:53.425,1754943,9650.02,0.185201,1787.19335402
265,1580944433537,2020-02-05 23:13:53.537,1754944,9650.02,0.074881,722.60314762
266,1580944437639,2020-02-05 23:13:57.639,1754945,9650.02,0.2,1930.004
267,1580944437763,2020-02-05 23:13:57.763,1754946,9650.02,0.039269,378.94663538
268,1580944438926,2020-02-05 23:13:58.926,1754947,9650.02,0.028126,271.41646252
269,1580944440520,2020-02-05 23:14:00.520,1754948,9650.02,0.083508,805.85387016
270,1580944440731,2020-02-05 23:14:00.731,1754949,9650.02,0.016706,161.21323412
271,1580944449092,2020-02-05 23:14:09.092,1754950,9650.02,0.001681,16.22168362
272,1580944449918,2020-02-05 23:14:09.918,1754951,9650.02,0.189368,1827.40498736
273,1580944451687,2020-02-05 23:14:11.687,1754952,9650.02,0.017194,165.92244388
274,1580944451797,2020-02-05 23:14:11.797,1754953,9650.02,0.091617,884.10588234
275,1580944489358,2020-02-05 23:14:49.358,1754954,9650.05,0.110236,1063.7829118
276,1580944489455,2020-02-05 23:14:49.455,1754955,9650.03,0.002073,20.00451219
277,1580944489562,2020-02-05 23:14:49.562,1754956,9650.02,0.518741,5005.86102482
278,1580944489674,2020-02-05 23:14:49.674,1754957,9650.02,0.45375,4378.696575
279,1580944489780,2020-02-05 23:14:49.780,1754958,9650.02,0.372555,3595.1632011
280,1580944496603,2020-02-05 23:14:56.603,1754959,9650.02,0.2,1930.004
281,1580944497249,2020-02-05 23:14:57.249,1754960,9650.02,0.2,1930.004
282,1580944512873,2020-02-05 23:15:12.873,1754961,9650.04,0.002073,20.00453292
283,1580944512873,2020-02-05 23:15:12.873,1754962,9650.03,0.042295,408.14801885
284,1580944528593,2020-02-05 23:15:28.593,1754963,9650.02,0.022796,219.98185592
285,1580944547406,2020-02-05 23:15:47.406,1754964,9651.07,0.002073,20.00666811
286,1580944555699,2020-02-05 23:15:55.699,1754965,9651.89,0.020721,199.99681269
287,1580944557509,2020-02-05 23:15:57.509,1754966,9652.0,0.001462,14.111224
288,1580944560561,2020-02-05 23:16:00.561,1754967,9653.14,0.020718,199.99375452
289,1580944560669,2020-02-05 23:16:00.669,1754968,9653.14,0.020718,199.99375452
290,1580944581149,2020-02-05 23:16:21.149,1754969,9653.14,0.020718,199.99375452
291,1580944588974,2020-02-05 23:16:28.974,1754970,9653.54,0.042274,408.09374996
292,1580944589440,2020-02-05 23:16:29.440,1754971,9653.55,0.002073,20.01180915
293,1580944589440,2020-02-05 23:16:29.440,1754972,9654.99,0.1,965.499
294,1580944589440,2020-02-05 23:16:29.440,1754973,9655.0,0.077927,752.385185
295,1580944589508,2020-02-05 23:16:29.508,1754974,9655.0,0.027,260.685
296,1580944589673,2020-02-05 23:16:29.673,1754975,9655.0,0.207147,2000.004285
297,1580944590465,2020-02-05 23:16:30.465,1754976,9655.0,0.04473,431.86815
298,1580944590504,2020-02-05 23:16:30.504,1754977,9655.0,0.027,260.685
299,1580944590642,2020-02-05 23:16:30.642,1754978,9655.0,0.009,86.895
300,1580944590866,2020-02-05 23:16:30.866,1754979,9655.0,0.768,7415.04
301,1580944591251,2020-02-05 23:16:31.251,1754980,9655.0,1.166,11257.73
302,1580944591457,2020-02-05 23:16:31.457,1754981,9655.0,0.309551,2988.714905
303,1580944591493,2020-02-05 23:16:31.493,1754982,9655.0,0.310312,2996.06236
304,1580944591520,2020-02-05 23:16:31.520,1754983,9655.0,0.027,260.685
305,1580944591524,2020-02-05 23:16:31.524,1754984,9655.0,0.136534,1318.23577
306,1580944591563,2020-02-05 23:16:31.563,1754985,9655.0,0.193247,1865.799785
307,1580944591598,2020-02-05 23:16:31.598,1754986,9655.0,0.064202,619.87031
308,1580944591627,2020-02-05 23:16:31.627,1754987,9655.0,0.018005,173.838275
309,1580944591628,2020-02-05 23:16:31.628,1754988,9655.0,0.337755,3261.024525
310,1580944591826,2020-02-05 23:16:31.826,1754989,9655.0,0.063867,616.635885
311,1580944592033,2020-02-05 23:16:32.033,1754990,9655.0,0.017996,173.75138
312,1580944592533,2020-02-05 23:16:32.533,1754991,9655.0,0.027,260.685
313,1580944593105,2020-02-05 23:16:33.105,1754992,9655.0,0.462369,4464.172695
314,1580944593542,2020-02-05 23:16:33.542,1754993,9655.0,0.027,260.685
315,1580944593793,2020-02-05 23:16:33.793,1754994,9655.0,0.279118,2694.88429
316,1580944593995,2020-02-05 23:16:33.995,1754995,9655.0,0.12094,1167.6757
317,1580944594202,2020-02-05 23:16:34.202,1754996,9655.0,0.462202,4462.56031
318,1580944594398,2020-02-05 23:16:34.398,1754997,9655.0,0.094668,914.01954
319,1580944594554,2020-02-05 23:16:34.554,1754998,9655.0,0.027,260.685
320,1580944594611,2020-02-05 23:16:34.611,1754999,9655.0,0.094668,914.01954
321,1580944594814,2020-02-05 23:16:34.814,1755000,9655.0,0.487483,4706.648365
322,1580944594920,2020-02-05 23:16:34.920,1755001,9655.0,0.477057,4605.985335
323,1580944595033,2020-02-05 23:16:35.033,1755002,9655.0,0.537152,5186.20256
324,1580944595253,2020-02-05 23:16:35.253,1755003,9655.0,0.503565,4861.920075
325,1580944595449,2020-02-05 23:16:35.449,1755004,9655.0,0.051469,496.933195
326,1580944596607,2020-02-05 23:16:36.607,1755005,9662.1,0.120557,1164.8337897
327,1580944600516,2020-02-05 23:16:40.516,1755006,9660.66,0.007304,70.56146064
328,1580944600516,2020-02-05 23:16:40.516,1755007,9660.6,0.010714,103.5036684
329,1580944602434,2020-02-05 23:16:42.434,1755008,9660.6,0.001703,16.4520018
330,1580944602434,2020-02-05 23:16:42.434,1755009,9660.6,0.020702,199.9937412
331,1580944610763,2020-02-05 23:16:50.763,1755010,9661.33,0.010714,103.51148962
332,1580944658054,2020-02-05 23:17:38.054,1755011,9662.99,0.002073,20.03137827
333,1580944658054,2020-02-05 23:17:38.054,1755012,9662.99,0.02,193.2598
334,1580944660728,2020-02-05 23:17:40.728,1755013,9663.1,0.020697,199.9971807
335,1580944664531,2020-02-05 23:17:44.531,1755014,9663.0,0.002383,23.026929
336,1580944688404,2020-02-05 23:18:08.404,1755015,9663.02,0.00207,20.0024514
337,1580944688503,2020-02-05 23:18:08.503,1755016,9663.0,0.02,193.26
338,1580944688612,2020-02-05 23:18:08.612,1755017,9662.99,0.082437,796.58790663
339,1580944688726,2020-02-05 23:18:08.726,1755018,9662.99,0.082437,796.58790663
340,1580944688833,2020-02-05 23:18:08.833,1755019,9662.99,0.230733,2229.57067167
341,1580944688932,2020-02-05 23:18:08.932,1755020,9662.99,0.4,3865.196
342,1580944689032,2020-02-05 23:18:09.032,1755021,9662.99,0.452096,4368.59912704
343,1580944689350,2020-02-05 23:18:09.350,1755022,9662.99,0.086,831.01714
344,1580944689440,2020-02-05 23:18:09.440,1755023,9662.99,0.2,1932.598
345,1580944689549,2020-02-05 23:18:09.549,1755024,9662.99,0.056829,549.13805871
346,1580944689663,2020-02-05 23:18:09.663,1755025,9662.99,0.062111,600.17797189
347,1580944689779,2020-02-05 23:18:09.779,1755026,9661.61,0.0152,146.856472
348,1580944689870,2020-02-05 23:18:09.870,1755027,9661.6,0.012416,119.9584256
349,1580944689870,2020-02-05 23:18:09.870,1755028,9661.6,0.0152,146.85632
350,1580944689980,2020-02-05 23:18:09.980,1755029,9661.52,0.020697,199.96447944
351,1580944689980,2020-02-05 23:18:09.980,1755030,9661.52,0.0152,146.855104
352,1580944717413,2020-02-05 23:18:37.413,1755031,9660.7,0.00207,19.997649
353,1580944717413,2020-02-05 23:18:37.413,1755032,9660.7,0.0152,146.84264
354,1580944731316,2020-02-05 23:18:51.316,1755033,9661.0,0.005026,48.556186
355,1580944737677,2020-02-05 23:18:57.677,1755034,9662.29,0.00207,20.0009403
356,1580944737784,2020-02-05 23:18:57.784,1755035,9662.76,0.001703,16.45568028
357,1580944737876,2020-02-05 23:18:57.876,1755036,9662.75,0.00207,20.0018925
358,1580944738082,2020-02-05 23:18:58.082,1755037,9663.85,0.020699,200.03203115
359,1580944740115,2020-02-05 23:19:00.115,1755038,9665.0,0.001462,14.13023
360,1580944740115,2020-02-05 23:19:00.115,1755039,9665.0,0.014804,143.08066
361,1580944743287,2020-02-05 23:19:03.287,1755040,9666.66,0.002709,26.18698194
362,1580944752950,2020-02-05 23:19:12.950,1755041,9666.78,0.020689,199.99601142
363,1580944753175,2020-02-05 23:19:13.175,1755042,9666.7,0.020689,199.9943563
364,1580944753257,2020-02-05 23:19:13.257,1755043,9666.68,0.014,135.33352
365,1580944753760,2020-02-05 23:19:13.760,1755044,9666.14,0.012109,117.04728926
366,1580944753868,2020-02-05 23:19:13.868,1755045,9666.14,0.012109,117.04728926
367,1580944753976,2020-02-05 23:19:13.976,1755046,9666.14,0.012109,117.04728926
368,1580944754090,2020-02-05 23:19:14.090,1755047,9666.14,0.012109,117.04728926
369,1580944755250,2020-02-05 23:19:15.250,1755048,9665.8,0.010342,99.9637036
370,1580944757352,2020-02-05 23:19:17.352,1755049,9663.02,0.010344,99.95427888
371,1580944757786,2020-02-05 23:19:17.786,1755050,9662.59,0.003058,29.54820022
372,1580944758278,2020-02-05 23:19:18.278,1755051,9662.59,0.009046,87.40778914
373,1580944758397,2020-02-05 23:19:18.397,1755052,9662.59,0.012104,116.95598936
374,1580944758705,2020-02-05 23:19:18.705,1755053,9662.59,0.012104,116.95598936
375,1580944758806,2020-02-05 23:19:18.806,1755054,9662.59,0.012104,116.95598936
376,1580944758938,2020-02-05 23:19:18.938,1755055,9662.59,0.012104,116.95598936
377,1580944759013,2020-02-05 23:19:19.013,1755056,9662.59,0.012104,116.95598936
378,1580944759120,2020-02-05 23:19:19.120,1755057,9662.59,0.012104,116.95598936
379,1580944759225,2020-02-05 23:19:19.225,1755058,9662.59,0.012104,116.95598936
380,1580944759326,2020-02-05 23:19:19.326,1755059,9662.59,0.004172,40.31232548
381,1580944759436,2020-02-05 23:19:19.436,1755060,9662.59,0.007932,76.64366388
382,1580944759545,2020-02-05 23:19:19.545,1755061,9662.59,0.012104,116.95598936
383,1580944762171,2020-02-05 23:19:22.171,1755062,9662.29,0.00207,20.0009403
384,1580944770400,2020-02-05 23:19:30.400,1755063,9661.38,0.00207,19.9990566
385,1580944783940,2020-02-05 23:19:43.940,1755064,9661.61,0.020701,200.00498861
386,1580944804596,2020-02-05 23:20:04.596,1755065,9663.89,0.00207,20.0042523
387,1580944804914,2020-02-05 23:20:04.914,1755066,9664.03,0.012416,119.98859648
388,1580944811281,2020-02-05 23:20:11.281,1755067,9666.34,0.008,77.33072
389,1580944811395,2020-02-05 23:20:11.395,1755068,9666.35,0.020686,199.9581161
390,1580944811395,2020-02-05 23:20:11.395,1755069,9666.35,0.008,77.3308
391,1580944811490,2020-02-05 23:20:11.490,1755070,9666.65,0.093489,903.72544185
392,1580944811490,2020-02-05 23:20:11.490,1755071,9666.65,0.008,77.3332
393,1580944844888,2020-02-05 23:20:44.888,1755072,9666.33,0.00207,20.0093031
394,1580944844994,2020-02-05 23:20:44.994,1755073,9666.09,0.010342,99.96670278
395,1580944846176,2020-02-05 23:20:46.176,1755074,9663.9,0.020695,199.9944105
396,1580944846372,2020-02-05 23:20:46.372,1755075,9663.8,0.010344,99.9623472
397,1580944847407,2020-02-05 23:20:47.407,1755076,9662.08,0.010345,99.9542176
398,1580944847407,2020-02-05 23:20:47.407,1755077,9662.08,0.002632,25.43059456
399,1580944919234,2020-02-05 23:21:59.234,1755078,9661.06,0.003012,29.09911272
400,1580944919344,2020-02-05 23:21:59.344,1755079,9661.05,0.00207,19.9983735
401,1580944920808,2020-02-05 23:22:00.808,1755080,9661.03,0.012105,116.94676815
402,1580944921028,2020-02-05 23:22:01.028,1755081,9661.03,0.012105,116.94676815
403,1580944921128,2020-02-05 23:22:01.128,1755082,9661.03,0.012105,116.94676815
404,1580944921232,2020-02-05 23:22:01.232,1755083,9661.03,0.012105,116.94676815
405,1580944921363,2020-02-05 23:22:01.363,1755084,9661.03,0.012105,116.94676815
406,1580944921454,2020-02-05 23:22:01.454,1755085,9660.13,0.00289,27.9177757
407,1580944921454,2020-02-05 23:22:01.454,1755086,9660.12,0.009215,89.0180058
408,1580944961300,2020-02-05 23:22:41.300,1755087,9660.14,0.001523,14.71239322
409,1580944961397,2020-02-05 23:22:41.397,1755088,9660.13,0.00207,19.9964691
410,1580944971098,2020-02-05 23:22:51.098,1755089,9660.12,0.001133,10.94491596
411,1580944971098,2020-02-05 23:22:51.098,1755090,9659.02,0.000166,1.60339732
412,1580944971181,2020-02-05 23:22:51.181,1755091,9659.02,0.00131,12.6533162
413,1580944971288,2020-02-05 23:22:51.288,1755092,9659.01,0.1,965.901
414,1580944971396,2020-02-05 23:22:51.396,1755093,9659.0,0.15,1448.85
415,1580945012455,2020-02-05 23:23:32.455,1755094,9655.98,0.002322,22.42118556
416,1580945023718,2020-02-05 23:23:43.718,1755095,9657.15,0.00207,19.9903005
417,1580945026846,2020-02-05 23:23:46.846,1755096,9657.36,0.02071,200.0039256
418,1580945026957,2020-02-05 23:23:46.957,1755097,9657.38,0.010342,99.87662396
419,1580945031211,2020-02-05 23:23:51.211,1755098,9658.81,0.020706,199.99531986
420,1580945033506,2020-02-05 23:23:53.506,1755099,9658.93,0.022923,221.41165239
421,1580945033615,2020-02-05 23:23:53.615,1755100,9658.93,0.008114,78.37255802
422,1580945084889,2020-02-05 23:24:44.889,1755101,9660.05,0.002071,20.00596355
423,1580945134505,2020-02-05 23:25:34.505,1755102,9659.95,0.020703,199.98994485
424,1580945134505,2020-02-05 23:25:34.505,1755103,9660.05,0.084568,816.9311084
425,1580945134505,2020-02-05 23:25:34.505,1755104,9660.42,0.008508,82.19085336
426,1580945134505,2020-02-05 23:25:34.505,1755105,9660.77,0.002071,20.00745467
427,1580945134505,2020-02-05 23:25:34.505,1755106,9661.24,0.02,193.2248
428,1580945134505,2020-02-05 23:25:34.505,1755107,9662.9,0.008,77.3032
429,1580945134505,2020-02-05 23:25:34.505,1755108,9662.91,0.055,531.46005
430,1580945134505,2020-02-05 23:25:34.505,1755109,9663.06,0.075,724.7295
431,1580945134505,2020-02-05 23:25:34.505,1755110,9663.07,0.02831,273.5615117
432,1580945134505,2020-02-05 23:25:34.505,1755111,9664.49,0.19784,1912.0227016
433,1580945172067,2020-02-05 23:26:12.067,1755112,9660.39,0.02,193.2078
434,1580945172157,2020-02-05 23:26:12.157,1755113,9660.2,0.0152,146.83504
435,1580945172272,2020-02-05 23:26:12.272,1755114,9659.58,0.002071,20.00499018
436,1580945172272,2020-02-05 23:26:12.272,1755115,9659.57,0.010348,99.95723036
437,1580945172272,2020-02-05 23:26:12.272,1755116,9659.09,0.002781,26.86192929
438,1580945210726,2020-02-05 23:26:50.726,1755117,9661.43,0.002071,20.00882153
439,1580945210726,2020-02-05 23:26:50.726,1755118,9661.43,0.0207,199.991601
440,1580945262070,2020-02-05 23:27:42.070,1755119,9661.35,0.002071,20.00865585
441,1580945262170,2020-02-05 23:27:42.170,1755120,9661.23,0.012416,119.95383168
442,1580945262375,2020-02-05 23:27:42.375,1755121,9660.93,0.1,966.093
443,1580945267766,2020-02-05 23:27:47.766,1755122,9659.36,0.002955,28.5434088
444,1580945267967,2020-02-05 23:27:47.967,1755123,9659.35,0.012419,119.95946765
445,1580945268922,2020-02-05 23:27:48.922,1755124,9658.53,0.012419,119.94928407
446,1580945269026,2020-02-05 23:27:49.026,1755125,9658.52,0.020705,199.9796566
447,1580945269026,2020-02-05 23:27:49.026,1755126,9658.52,0.0152,146.809504
448,1580945279264,2020-02-05 23:27:59.264,1755127,9656.55,0.002071,19.99871505
449,1580945279264,2020-02-05 23:27:59.264,1755128,9656.55,0.0152,146.77956
450,1580945279359,2020-02-05 23:27:59.359,1755129,9656.53,0.017729,171.20062037
451,1580945279458,2020-02-05 23:27:59.458,1755130,9656.53,0.035,337.97855
452,1580945286816,2020-02-05 23:28:06.816,1755131,9656.55,0.004376,42.2570628
453,1580945287353,2020-02-05 23:28:07.353,1755132,9656.54,0.019042,183.87983468
454,1580945287986,2020-02-05 23:28:07.986,1755133,9656.55,0.030624,295.7221872
455,1580945292812,2020-02-05 23:28:12.812,1755134,9656.53,0.035,337.97855
456,1580945293125,2020-02-05 23:28:13.125,1755135,9656.53,0.112271,1084.14827963
457,1580945297791,2020-02-05 23:28:17.791,1755136,9655.3,0.011141,107.5696973
458,1580945297792,2020-02-05 23:28:17.792,1755137,9655.3,0.009573,92.4301869
459,1580945297792,2020-02-05 23:28:17.792,1755138,9655.3,0.004275,41.2764075
460,1580945297792,2020-02-05 23:28:17.792,1755139,9655.3,0.010925,105.4841525
461,1580945297792,2020-02-05 23:28:17.792,1755140,9655.03,0.003638,35.12499914
462,1580945298379,2020-02-05 23:28:18.379,1755141,9654.82,0.006456,62.33151792
463,1580945298379,2020-02-05 23:28:18.379,1755142,9654.46,0.132188,1276.20375848
464,1580945298379,2020-02-05 23:28:18.379,1755143,9654.45,0.012065,116.48093925
465,1580945298380,2020-02-05 23:28:18.380,1755144,9654.45,2e-06,0.0193089
466,1580945298380,2020-02-05 23:28:18.380,1755145,9654.45,0.012067,116.50024815
467,1580945298380,2020-02-05 23:28:18.380,1755146,9654.45,0.012067,116.50024815
468,1580945298380,2020-02-05 23:28:18.380,1755147,9654.45,0.012067,116.50024815
469,1580945298380,2020-02-05 23:28:18.380,1755148,9654.45,0.012067,116.50024815
470,1580945298380,2020-02-05 23:28:18.380,1755149,9654.45,0.012067,116.50024815
471,1580945298380,2020-02-05 23:28:18.380,1755150,9654.45,0.012067,116.50024815
472,1580945298380,2020-02-05 23:28:18.380,1755151,9654.45,0.012067,116.50024815
473,1580945298380,2020-02-05 23:28:18.380,1755152,9654.45,0.012067,116.50024815
474,1580945298380,2020-02-05 23:28:18.380,1755153,9654.45,0.012067,116.50024815
475,1580945298387,2020-02-05 23:28:18.387,1755154,9654.44,0.022832,220.43017408
476,1580945298411,2020-02-05 23:28:18.411,1755155,9654.48,0.006274,60.57220752
477,1580945298422,2020-02-05 23:28:18.422,1755156,9657.61,0.005159,49.82360999
478,1580945298422,2020-02-05 23:28:18.422,1755157,9657.75,0.010348,99.938397
479,1580945298422,2020-02-05 23:28:18.422,1755158,9658.68,0.02,193.1736
480,1580945298422,2020-02-05 23:28:18.422,1755159,9658.8,0.008,77.2704
481,1580945298422,2020-02-05 23:28:18.422,1755160,9658.81,0.002071,20.00339551
482,1580945298422,2020-02-05 23:28:18.422,1755161,9659.66,0.023756,229.47488296
483,1580945298422,2020-02-05 23:28:18.422,1755162,9659.93,0.041035,396.39522755
484,1580945325587,2020-02-05 23:28:45.587,1755163,9654.6,0.0152,146.74992
485,1580945325587,2020-02-05 23:28:45.587,1755164,9654.6,0.020715,199.995039
486,1580945325705,2020-02-05 23:28:45.705,1755165,9654.56,0.012425,119.957908
487,1580945325813,2020-02-05 23:28:45.813,1755166,9654.48,0.002071,19.99442808
488,1580945325910,2020-02-05 23:28:45.910,1755167,9654.36,0.1,965.436
489,1580945326019,2020-02-05 23:28:46.019,1755168,9654.35,0.309935,2992.22096725
490,1580945326663,2020-02-05 23:28:46.663,1755169,9654.6,0.010358,100.0023468
491,1580945336207,2020-02-05 23:28:56.207,1755170,9653.71,0.020715,199.97660265
492,1580945336207,2020-02-05 23:28:56.207,1755171,9652.57,0.005287,51.03313759
493,1580945336207,2020-02-05 23:28:56.207,1755172,9652.55,0.025789,248.92961195
494,1580945369675,2020-02-05 23:29:29.675,1755173,9655.47,0.020713,199.99375011
495,1580945477871,2020-02-05 23:31:17.871,1755174,9654.48,0.002072,20.00408256
496,1580945477980,2020-02-05 23:31:17.980,1755175,9654.43,0.02,193.0886
497,1580945511687,2020-02-05 23:31:51.687,1755176,9651.53,0.111804,1079.07966012
498,1580945511789,2020-02-05 23:31:51.789,1755177,9651.52,0.002072,19.99794944
499,1580945511884,2020-02-05 23:31:51.884,1755178,9651.46,0.01,96.5146
500,1580945511994,2020-02-05 23:31:51.994,1755179,9651.46,0.004946,47.73612116
501,1580945519247,2020-02-05 23:31:59.247,1755180,9650.0,0.051923,501.05695
502,1580945523888,2020-02-05 23:32:03.888,1755181,9648.72,0.079848,770.43099456
503,1580945524006,2020-02-05 23:32:04.006,1755182,9648.72,0.020152,194.44100544
504,1580945527563,2020-02-05 23:32:07.563,1755183,9647.9,0.136561,1317.5268719
505,1580945528716,2020-02-05 23:32:08.716,1755184,9647.34,0.017985,173.5074099
506,1580945573376,2020-02-05 23:32:53.376,1755185,9646.56,0.002074,20.00696544
507,1580945575826,2020-02-05 23:32:55.826,1755186,9642.51,0.001899,18.31112649
508,1580945623494,2020-02-05 23:33:43.494,1755187,9642.53,0.020741,199.99571473
509,1580945623494,2020-02-05 23:33:43.494,1755188,9642.53,0.008,77.14024
510,1580945623596,2020-02-05 23:33:43.596,1755189,9642.63,0.002074,19.99881462
511,1580945623596,2020-02-05 23:33:43.596,1755190,9642.63,0.008,77.14104
512,1580945623705,2020-02-05 23:33:43.705,1755191,9643.23,0.008,77.14584
513,1580945627076,2020-02-05 23:33:47.076,1755192,9645.23,0.011098,107.04276254
514,1580945637819,2020-02-05 23:33:57.819,1755193,9645.13,0.002105,20.30299865
515,1580945643046,2020-02-05 23:34:03.046,1755194,9645.13,0.005618,54.18634034
516,1580945645171,2020-02-05 23:34:05.171,1755195,9645.13,0.013012,125.50243156
517,1580945645171,2020-02-05 23:34:05.171,1755196,9645.13,0.008,77.16104
518,1580945675353,2020-02-05 23:34:35.353,1755197,9641.19,0.002075,20.00546925
519,1580945675353,2020-02-05 23:34:35.353,1755198,9640.74,0.008278,79.80604572
520,1580945675582,2020-02-05 23:34:35.582,1755199,9640.74,0.091722,884.26795428
521,1580945677908,2020-02-05 23:34:37.908,1755200,9638.48,0.001846,17.79263408
522,1580945678761,2020-02-05 23:34:38.761,1755201,9638.0,0.001466,14.129308
523,1580945679396,2020-02-05 23:34:39.396,1755202,9639.57,0.00474,45.6915618
524,1580945679724,2020-02-05 23:34:39.724,1755203,9639.41,0.005478,52.80468798
525,1580945681745,2020-02-05 23:34:41.745,1755204,9639.41,0.007796,75.14884036
526,1580945719094,2020-02-05 23:35:19.094,1755205,9636.68,0.002075,19.996111
527,1580945719117,2020-02-05 23:35:19.117,1755206,9634.89,0.002075,19.99239675
528,1580945719314,2020-02-05 23:35:19.314,1755207,9634.87,0.02,192.6974
529,1580945719414,2020-02-05 23:35:19.414,1755208,9634.85,0.131727,1269.16988595
530,1580945719651,2020-02-05 23:35:19.651,1755209,9633.33,0.002709,26.09669097
531,1580945726458,2020-02-05 23:35:26.458,1755210,9631.01,0.009728,93.69046528
532,1580945726593,2020-02-05 23:35:26.593,1755211,9631.01,0.008256,79.51361856
533,1580945727006,2020-02-05 23:35:27.006,1755212,9630.87,0.1,963.087
534,1580945727006,2020-02-05 23:35:27.006,1755213,9630.24,0.1,963.024
535,1580945727046,2020-02-05 23:35:27.046,1755214,9627.98,0.002617,25.19642366
536,1580945727046,2020-02-05 23:35:27.046,1755215,9627.68,0.000165,1.5885672
537,1580945727645,2020-02-05 23:35:27.645,1755216,9627.46,0.149937,1443.51247002
538,1580945729368,2020-02-05 23:35:29.368,1755217,9625.34,0.1,962.534
539,1580945729368,2020-02-05 23:35:29.368,1755218,9625.0,0.001467,14.119875
540,1580945729368,2020-02-05 23:35:29.368,1755219,9625.0,0.005045,48.558125
541,1580945730138,2020-02-05 23:35:30.138,1755220,9624.25,0.004171,40.14274675
542,1580945730138,2020-02-05 23:35:30.138,1755221,9624.21,0.012127,116.71279467
543,1580945730138,2020-02-05 23:35:30.138,1755222,9624.21,0.012127,116.71279467
544,1580945730138,2020-02-05 23:35:30.138,1755223,9624.21,0.012127,116.71279467
545,1580945730138,2020-02-05 23:35:30.138,1755224,9624.21,0.012127,116.71279467
546,1580945730138,2020-02-05 23:35:30.138,1755225,9624.21,0.012127,116.71279467
547,1580945730138,2020-02-05 23:35:30.138,1755226,9624.21,0.012127,116.71279467
548,1580945730138,2020-02-05 23:35:30.138,1755227,9624.21,0.012127,116.71279467
549,1580945730138,2020-02-05 23:35:30.138,1755228,9624.21,0.012127,116.71279467
550,1580945730138,2020-02-05 23:35:30.138,1755229,9624.21,0.012127,116.71279467
551,1580945730138,2020-02-05 23:35:30.138,1755230,9624.21,0.012127,116.71279467
552,1580945733391,2020-02-05 23:35:33.391,1755231,9627.09,0.020774,199.99316766
553,1580945733391,2020-02-05 23:35:33.391,1755232,9627.09,0.011473,110.45160357
554,1580945733511,2020-02-05 23:35:33.511,1755233,9627.19,0.026156,251.80878164
555,1580945733511,2020-02-05 23:35:33.511,1755234,9627.19,0.010326,99.41036394
556,1580945734022,2020-02-05 23:35:34.022,1755235,9628.11,0.006865,66.09697515
557,1580945734235,2020-02-05 23:35:34.235,1755236,9628.01,0.020772,199.99302372
558,1580945734235,2020-02-05 23:35:34.235,1755237,9628.01,0.009294,89.48272494
559,1580945734341,2020-02-05 23:35:34.341,1755238,9628.11,0.00556,53.5322916
560,1580945734341,2020-02-05 23:35:34.341,1755239,9628.11,0.008364,80.52951204
561,1580945734449,2020-02-05 23:35:34.449,1755240,9628.12,0.02,192.5624
562,1580945734449,2020-02-05 23:35:34.449,1755241,9628.12,0.009294,89.48374728
563,1580945736501,2020-02-05 23:35:36.501,1755242,9627.54,0.010382,99.95312028
564,1580945736618,2020-02-05 23:35:36.618,1755243,9625.44,0.010384,99.95056896
565,1580945737677,2020-02-05 23:35:37.677,1755244,9625.44,0.010385,99.9601944
566,1580945737677,2020-02-05 23:35:37.677,1755245,9625.42,0.594177,5719.20317934
567,1580945739080,2020-02-05 23:35:39.080,1755246,9624.48,0.010386,99.95984928
568,1580945739135,2020-02-05 23:35:39.135,1755247,9624.45,0.020777,199.96719765
569,1580945742711,2020-02-05 23:35:42.711,1755248,9624.7,0.020781,200.0108907
570,1580945742830,2020-02-05 23:35:42.830,1755249,9624.76,0.01182,113.7646632
571,1580945742936,2020-02-05 23:35:42.936,1755250,9625.41,0.012598,121.26091518
572,1580945743051,2020-02-05 23:35:43.051,1755251,9625.42,0.010382,99.93111044
573,1580945743993,2020-02-05 23:35:43.993,1755252,9627.53,0.031155,299.94569715
574,1580945744098,2020-02-05 23:35:44.098,1755253,9627.54,0.020773,199.99288842
575,1580945749208,2020-02-05 23:35:49.208,1755254,9626.97,0.00415,39.9519255
576,1580945749312,2020-02-05 23:35:49.312,1755255,9626.96,0.010384,99.96635264
577,1580945750701,2020-02-05 23:35:50.701,1755256,9625.81,0.010384,99.95441104
578,1580945756146,2020-02-05 23:35:56.146,1755257,9623.78,0.007684,73.94912552
579,1580945756241,2020-02-05 23:35:56.241,1755258,9623.78,0.013098,126.05227044
580,1580945756393,2020-02-05 23:35:56.393,1755259,9623.68,0.010386,99.95154048
581,1580945757810,2020-02-05 23:35:57.810,1755260,9622.92,0.010388,99.96289296
582,1580945761069,2020-02-05 23:36:01.069,1755261,9621.96,0.020786,200.00206056
583,1580945764300,2020-02-05 23:36:04.300,1755262,9622.96,0.010384,99.92481664
584,1580945766314,2020-02-05 23:36:06.314,1755263,9627.44,0.031158,299.97177552
585,1580945774266,2020-02-05 23:36:14.266,1755264,9626.89,0.010384,99.96562576
586,1580945774704,2020-02-05 23:36:14.704,1755265,9626.73,0.1,962.673
587,1580945781493,2020-02-05 23:36:21.493,1755266,9626.62,0.017961,172.90372182
588,1580945783017,2020-02-05 23:36:23.017,1755267,9626.62,0.002814,27.08930868
589,1580945793576,2020-02-05 23:36:33.576,1755268,9624.56,0.004156,39.99967136
590,1580945793790,2020-02-05 23:36:33.790,1755269,9624.47,0.1,962.447
591,1580945794013,2020-02-05 23:36:34.013,1755270,9624.46,0.010387,99.96926602
592,1580945803018,2020-02-05 23:36:43.018,1755271,9621.24,0.020787,199.99671588
593,1580945803123,2020-02-05 23:36:43.123,1755272,9621.14,0.01039,99.9636446
594,1580945803440,2020-02-05 23:36:43.440,1755273,9620.01,0.01039,99.9519039
595,1580945803566,2020-02-05 23:36:43.566,1755274,9620.0,0.009784,94.12208
596,1580945817754,2020-02-05 23:36:57.754,1755275,9621.31,0.010384,99.90768304
597,1580945821036,2020-02-05 23:37:01.036,1755276,9624.6,0.031167,299.9699082
598,1580945821440,2020-02-05 23:37:01.440,1755277,9625.69,0.02078,200.0218382
599,1580945836675,2020-02-05 23:37:16.675,1755278,9624.31,0.004156,39.99863236
600,1580945836675,2020-02-05 23:37:16.675,1755279,9624.31,0.02078,199.9931618
601,1580945836780,2020-02-05 23:37:16.780,1755280,9624.12,0.010387,99.96573444
602,1580945843581,2020-02-05 23:37:23.581,1755281,9620.07,0.01039,99.9525273
603,1580945845797,2020-02-05 23:37:25.797,1755282,9617.49,0.010393,99.95457357
604,1580945846115,2020-02-05 23:37:26.115,1755283,9617.25,0.010394,99.9616965
605,1580945846216,2020-02-05 23:37:26.216,1755284,9617.24,0.1,961.724
606,1580945848691,2020-02-05 23:37:28.691,1755285,9617.64,0.010387,99.89842668
607,1580945856886,2020-02-05 23:37:36.886,1755286,9619.63,0.031177,299.91120451
608,1580945864976,2020-02-05 23:37:44.976,1755287,9620.74,0.010391,99.96910934
609,1580945888401,2020-02-05 23:38:08.401,1755288,9620.24,0.004156,39.98171744
610,1580945888540,2020-02-05 23:38:08.540,1755289,9620.16,0.010391,99.96308256
611,1580945888717,2020-02-05 23:38:08.717,1755290,9619.05,0.020789,199.97043045
612,1580945889137,2020-02-05 23:38:09.137,1755291,9618.78,0.1,961.878
613,1580945889974,2020-02-05 23:38:09.974,1755292,9615.94,0.010393,99.93846442
614,1580945890082,2020-02-05 23:38:10.082,1755293,9614.15,0.1,961.415
615,1580945891250,2020-02-05 23:38:11.250,1755294,9618.09,0.010391,99.94157319
616,1580945891250,2020-02-05 23:38:11.250,1755295,9618.1,0.010447,100.4802907
617,1580945891250,2020-02-05 23:38:11.250,1755296,9618.66,0.055,529.0263
618,1580945891250,2020-02-05 23:38:11.250,1755297,9618.71,0.009,86.56839
619,1580945891250,2020-02-05 23:38:11.250,1755298,9618.72,0.144782,1392.61751904
620,1580945891979,2020-02-05 23:38:11.979,1755299,9612.91,0.020805,199.99659255
621,1580945892051,2020-02-05 23:38:12.051,1755300,9612.81,0.010398,99.95399838
622,1580945892400,2020-02-05 23:38:12.400,1755301,9612.27,0.259984,2499.03640368
623,1580945893760,2020-02-05 23:38:13.760,1755302,9611.14,0.001923,18.48222222
624,1580945893974,2020-02-05 23:38:13.974,1755303,9611.06,0.3,2883.318
625,1580945894196,2020-02-05 23:38:14.196,1755304,9611.06,0.294177,2827.35279762
626,1580945894287,2020-02-05 23:38:14.287,1755305,9610.0,0.4,3844.0
627,1580945894391,2020-02-05 23:38:14.391,1755306,9608.5,0.02,192.17
628,1580945894504,2020-02-05 23:38:14.504,1755307,9607.84,0.001263,12.13470192
629,1580945898517,2020-02-05 23:38:18.517,1755308,9608.08,0.010404,99.96246432
630,1580945898528,2020-02-05 23:38:18.528,1755309,9607.64,0.193706,1861.05751384
631,1580945899130,2020-02-05 23:38:19.130,1755310,9607.64,0.056294,540.85248616
632,1580945899250,2020-02-05 23:38:19.250,1755311,9606.0,0.002077,19.951662
633,1580945899668,2020-02-05 23:38:19.668,1755312,9604.57,0.003274,31.44536218
634,1580945900668,2020-02-05 23:38:20.668,1755313,9604.18,0.01448,139.0685264
635,1580945900668,2020-02-05 23:38:20.668,1755314,9604.17,0.704,6761.33568
636,1580945900668,2020-02-05 23:38:20.668,1755315,9604.17,0.1,960.417
637,1580945905371,2020-02-05 23:38:25.371,1755316,9605.06,0.020784,199.63156704
638,1580945905371,2020-02-05 23:38:25.371,1755317,9605.07,0.012985,124.72183395
639,1580945905389,2020-02-05 23:38:25.389,1755318,9604.76,0.012985,124.7178086
640,1580945905409,2020-02-05 23:38:25.409,1755319,9606.38,0.004219,40.52931722
641,1580945905409,2020-02-05 23:38:25.409,1755320,9606.84,0.050333,483.54107772
642,1580945905972,2020-02-05 23:38:25.972,1755321,9601.76,0.010409,99.94471984
643,1580945905972,2020-02-05 23:38:25.972,1755322,9601.76,0.0152,145.946752
644,1580945905972,2020-02-05 23:38:25.972,1755323,9601.75,0.1,960.175
645,1580945906353,2020-02-05 23:38:26.353,1755324,9601.44,0.010409,99.94138896
646,1580945906587,2020-02-05 23:38:26.587,1755325,9601.43,0.005223,50.14826889
647,1580945907444,2020-02-05 23:38:27.444,1755326,9600.01,0.0152,145.920152
648,1580945907444,2020-02-05 23:38:27.444,1755327,9600.0,0.4,3840.0
649,1580945907444,2020-02-05 23:38:27.444,1755328,9600.0,0.001302,12.4992
650,1580945907444,2020-02-05 23:38:27.444,1755329,9600.0,0.005,48.0
651,1580945907444,2020-02-05 23:38:27.444,1755330,9600.0,0.0011,10.56
652,1580945907444,2020-02-05 23:38:27.444,1755331,9599.99,0.002709,26.00637291
653,1580945907444,2020-02-05 23:38:27.444,1755332,9599.92,0.02,191.9984
654,1580945907444,2020-02-05 23:38:27.444,1755333,9599.91,0.055,527.99505
655,1580945907444,2020-02-05 23:38:27.444,1755334,9599.89,0.009382,90.06616798
656,1580945907444,2020-02-05 23:38:27.444,1755335,9598.16,0.003567,34.23663672
657,1580945907444,2020-02-05 23:38:27.444,1755336,9598.16,0.287532,2759.77814112
658,1580945907694,2020-02-05 23:38:27.694,1755337,9599.0,0.006579,63.151821
659,1580945908304,2020-02-05 23:38:28.304,1755338,9599.99,0.255218,2450.09024782
660,1580945908413,2020-02-05 23:38:28.413,1755339,9600.0,0.010413,99.9648
661,1580945908512,2020-02-05 23:38:28.512,1755340,9600.0,0.030325,291.12
662,1580945908512,2020-02-05 23:38:28.512,1755341,9600.0,0.02,192.0
663,1580945914034,2020-02-05 23:38:34.034,1755342,9598.59,0.0152,145.898568
664,1580945914132,2020-02-05 23:38:34.132,1755343,9598.17,0.004164,39.96677988
665,1580945914132,2020-02-05 23:38:34.132,1755344,9597.8,0.005312,50.9835136
666,1580945914132,2020-02-05 23:38:34.132,1755345,9596.28,0.19894,1909.0839432
667,1580945914405,2020-02-05 23:38:34.405,1755346,9598.17,0.0152,145.892184
668,1580945914405,2020-02-05 23:38:34.405,1755347,9596.28,0.001898,18.21373944
669,1580945914405,2020-02-05 23:38:34.405,1755348,9595.19,0.1,959.519
670,1580945914405,2020-02-05 23:38:34.405,1755349,9594.37,0.091348,876.42651076
671,1580945914618,2020-02-05 23:38:34.618,1755350,9598.95,0.00927,88.9822665
672,1580945914618,2020-02-05 23:38:34.618,1755351,9598.95,0.12,1151.874
673,1580945914618,2020-02-05 23:38:34.618,1755352,9598.97,0.026998,259.15299206
674,1580945914618,2020-02-05 23:38:34.618,1755353,9598.97,2e-06,0.01919794
675,1580945919493,2020-02-05 23:38:39.493,1755354,9598.84,0.020835,199.9918314
676,1580945919908,2020-02-05 23:38:39.908,1755355,9598.84,0.020835,199.9918314
677,1580945919939,2020-02-05 23:38:39.939,1755356,9598.94,0.020802,199.67714988
678,1580945919939,2020-02-05 23:38:39.939,1755357,9601.51,0.101913,978.51868863
679,1580945920299,2020-02-05 23:38:40.299,1755358,9601.52,0.012145,116.6104604
680,1580945921186,2020-02-05 23:38:41.186,1755359,9602.53,0.020827,199.99189231
681,1580945921282,2020-02-05 23:38:41.282,1755360,9602.63,0.020818,199.90755134
682,1580945921282,2020-02-05 23:38:41.282,1755361,9602.63,0.128283,1231.85418429
683,1580945921388,2020-02-05 23:38:41.388,1755362,9602.63,0.3,2880.789
684,1580945921493,2020-02-05 23:38:41.493,1755363,9602.63,0.093729,900.04490727
685,1580945922438,2020-02-05 23:38:42.438,1755364,9602.53,0.020827,199.99189231
686,1580945922554,2020-02-05 23:38:42.554,1755365,9602.63,0.026489,254.36406607
687,1580945930260,2020-02-05 23:38:50.260,1755366,9599.68,0.010413,99.96146784
688,1580945938513,2020-02-05 23:38:58.513,1755367,9597.92,0.010414,99.95273888
689,1580945938736,2020-02-05 23:38:58.736,1755368,9599.69,0.1,959.969
690,1580945944390,2020-02-05 23:39:04.390,1755369,9597.79,0.010414,99.95138506
691,1580945963306,2020-02-05 23:39:23.306,1755370,9601.22,0.02083,199.9934126
692,1580945963306,2020-02-05 23:39:23.306,1755371,9601.22,0.008,76.80976
693,1580945967630,2020-02-05 23:39:27.630,1755372,9601.32,0.010413,99.97854516
694,1580945967630,2020-02-05 23:39:27.630,1755373,9601.32,0.008,76.81056
695,1580945967630,2020-02-05 23:39:27.630,1755374,9601.32,0.02083,199.9954956
696,1580945967822,2020-02-05 23:39:27.822,1755375,9601.55,0.002082,19.9904271
697,1580945968986,2020-02-05 23:39:28.986,1755376,9602.54,0.01041,99.9624414
698,1580945969091,2020-02-05 23:39:29.091,1755377,9602.54,0.010417,100.02965918
699,1580945969308,2020-02-05 23:39:29.308,1755378,9602.64,0.12,1152.3168
700,1580945969416,2020-02-05 23:39:29.416,1755379,9602.65,0.185792,1784.0955488
701,1580945970767,2020-02-05 23:39:30.767,1755380,9602.55,0.017107,164.27082285
702,1580945971516,2020-02-05 23:39:31.516,1755381,9602.55,0.00372,35.721486
703,1580945975519,2020-02-05 23:39:35.519,1755382,9602.77,0.008301,79.71259377
704,1580945975618,2020-02-05 23:39:35.618,1755383,9602.77,0.068853,661.17952281
705,1580945975995,2020-02-05 23:39:35.995,1755384,9602.75,0.545459,5237.90641225
706,1580945976138,2020-02-05 23:39:36.138,1755385,9602.75,0.041301,396.60317775
707,1580945976249,2020-02-05 23:39:36.249,1755386,9602.75,0.002366,22.7201065
708,1580945977408,2020-02-05 23:39:37.408,1755387,9602.76,0.010409,99.95512884
709,1580945977510,2020-02-05 23:39:37.510,1755388,9602.76,0.039648,380.73022848
710,1580945978764,2020-02-05 23:39:38.764,1755389,9602.71,0.020827,199.99564117
711,1580945979792,2020-02-05 23:39:39.792,1755390,9602.71,0.020827,199.99564117
712,1580945980431,2020-02-05 23:39:40.431,1755391,9602.81,0.546226,5245.30449506
713,1580945980537,2020-02-05 23:39:40.537,1755392,9602.81,0.499413,4795.76815053
714,1580945983689,2020-02-05 23:39:43.689,1755393,9603.52,0.041049,394.21489248
715,1580945983804,2020-02-05 23:39:43.804,1755394,9603.52,0.011183,107.39616416
716,1580945984640,2020-02-05 23:39:44.640,1755395,9605.56,0.020828,200.06460368
717,1580945984749,2020-02-05 23:39:44.749,1755396,9605.68,0.021182,203.46751376
718,1580945984857,2020-02-05 23:39:44.857,1755397,9605.68,0.178818,1717.66848624
719,1580945994721,2020-02-05 23:39:54.721,1755398,9605.64,0.020821,199.99903044
720,1580945995043,2020-02-05 23:39:55.043,1755399,9605.0,0.004164,39.99522
721,1580945995043,2020-02-05 23:39:55.043,1755400,9604.77,0.020822,199.99052094
722,1580945995043,2020-02-05 23:39:55.043,1755401,9604.42,0.010408,99.96280336
723,1580945996299,2020-02-05 23:39:56.299,1755402,9601.25,0.010409,99.93941125
724,1580945996404,2020-02-05 23:39:56.404,1755403,9601.25,0.010409,99.93941125
725,1580945996533,2020-02-05 23:39:56.533,1755404,9601.25,0.010409,99.93941125
726,1580945996533,2020-02-05 23:39:56.533,1755405,9601.25,0.0152,145.939
727,1580945996626,2020-02-05 23:39:56.626,1755406,9601.24,0.024769,237.81311356
728,1580945996720,2020-02-05 23:39:56.720,1755407,9601.22,0.150219,1442.28566718
729,1580945996827,2020-02-05 23:39:56.827,1755408,9601.22,0.152528,1464.45488416
730,1580945996951,2020-02-05 23:39:56.951,1755409,9601.22,0.098356,944.33759432
731,1580945996952,2020-02-05 23:39:56.952,1755410,9601.22,3.327622,31949.23089884
732,1580945997024,2020-02-05 23:39:57.024,1755411,9601.22,0.001367,13.12486774
733,1580945997040,2020-02-05 23:39:57.040,1755412,9601.22,0.514751,4942.23759622
734,1580945997157,2020-02-05 23:39:57.157,1755413,9601.22,0.471174,4523.84523228
735,1580945997252,2020-02-05 23:39:57.252,1755414,9601.22,0.497165,4773.3905413
736,1580945997362,2020-02-05 23:39:57.362,1755415,9601.22,0.489907,4703.70488654
737,1580945997461,2020-02-05 23:39:57.461,1755416,9601.22,0.472475,4536.3364195
738,1580945997606,2020-02-05 23:39:57.606,1755417,9601.22,0.463562,4450.76074564
739,1580945997732,2020-02-05 23:39:57.732,1755418,9601.22,0.830796,7976.65517112
740,1580945997732,2020-02-05 23:39:57.732,1755419,9601.22,0.0152,145.938544
741,1580945997783,2020-02-05 23:39:57.783,1755420,9596.96,0.006654,63.85817184
742,1580945997783,2020-02-05 23:39:57.783,1755421,9596.79,0.002858,27.42762582
743,1580945997783,2020-02-05 23:39:57.783,1755422,9594.22,0.4,3837.688
744,1580945997783,2020-02-05 23:39:57.783,1755423,9594.05,0.019011,182.39248455
745,1580945997783,2020-02-05 23:39:57.783,1755424,9592.96,0.004305,41.2976928
746,1580945997783,2020-02-05 23:39:57.783,1755425,9592.87,0.036035,345.67907045
747,1580945997783,2020-02-05 23:39:57.783,1755426,9592.31,0.018013,172.78628003
748,1580945997783,2020-02-05 23:39:57.783,1755427,9592.3,0.009,86.3307
749,1580945997783,2020-02-05 23:39:57.783,1755428,9591.95,0.013135,125.99026325
750,1580945997783,2020-02-05 23:39:57.783,1755429,9591.83,0.037933,363.84688739
751,1580945998415,2020-02-05 23:39:58.415,1755430,9597.31,0.008551,82.06659781
752,1580945998415,2020-02-05 23:39:58.415,1755431,9597.25,0.0152,145.8782
753,1580945999054,2020-02-05 23:39:59.054,1755432,9597.36,0.008314,79.79245104
754,1580945999054,2020-02-05 23:39:59.054,1755433,9597.36,0.0152,145.879872
755,1580946000189,2020-02-05 23:40:00.189,1755434,9595.94,0.005766,55.33019004
756,1580946000189,2020-02-05 23:40:00.189,1755435,9595.94,0.0152,145.858288
757,1580946000834,2020-02-05 23:40:00.834,1755436,9595.53,0.005607,53.80213671
758,1580946000834,2020-02-05 23:40:00.834,1755437,9595.53,0.0152,145.852056
759,1580946002606,2020-02-05 23:40:02.606,1755438,9594.71,0.020845,200.00172995
760,1580946002606,2020-02-05 23:40:02.606,1755439,9594.71,0.0152,145.839592
761,1580946003659,2020-02-05 23:40:03.659,1755440,9592.91,0.017585,168.69132235
762,1580946003659,2020-02-05 23:40:03.659,1755441,9593.5,0.182415,1749.9983025
763,1580946003668,2020-02-05 23:40:03.668,1755442,9590.0,0.055,527.45
764,1580946003668,2020-02-05 23:40:03.668,1755443,9590.0,0.068749,659.30291
765,1580946003691,2020-02-05 23:40:03.691,1755444,9593.5,0.028999,278.2019065
766,1580946004182,2020-02-05 23:40:04.182,1755445,9590.1,0.020855,200.0015355
767,1580946004182,2020-02-05 23:40:04.182,1755446,9590.0,0.276251,2649.24709
768,1580946004182,2020-02-05 23:40:04.182,1755447,9590.0,0.1,959.0
769,1580946004388,2020-02-05 23:40:04.388,1755448,9589.0,0.01001,95.98589
770,1580946004388,2020-02-05 23:40:04.388,1755449,9588.79,0.010845,103.99042755
771,1580946005664,2020-02-05 23:40:05.664,1755450,9588.79,0.089155,854.88857245
772,1580946005669,2020-02-05 23:40:05.669,1755451,9589.9,0.003981,38.1773919
773,1580946005876,2020-02-05 23:40:05.876,1755452,9587.92,0.11,1054.6712
774,1580946005876,2020-02-05 23:40:05.876,1755453,9587.83,0.175,1677.87025
775,1580946005911,2020-02-05 23:40:05.911,1755454,9587.84,0.1,958.784
776,1580946005911,2020-02-05 23:40:05.911,1755455,9589.5,0.003869,37.1017755
777,1580946005911,2020-02-05 23:40:05.911,1755456,9589.88,0.008,76.71904
778,1580946006170,2020-02-05 23:40:06.170,1755457,9588.22,0.1,958.822
779,1580946006393,2020-02-05 23:40:06.393,1755458,9587.83,0.475498,4558.99398934
780,1580946006579,2020-02-05 23:40:06.579,1755459,9587.83,0.349502,3350.96576066
781,1580946010628,2020-02-05 23:40:10.628,1755460,9586.55,0.008,76.6924
782,1580946011461,2020-02-05 23:40:11.461,1755461,9586.54,0.105573,1012.07978742
783,1580946011590,2020-02-05 23:40:11.590,1755462,9586.54,0.094427,905.22821258
784,1580946011590,2020-02-05 23:40:11.590,1755463,9586.54,0.008,76.69232
785,1580946014620,2020-02-05 23:40:14.620,1755464,9584.16,0.003308,31.70440128
786,1580946014634,2020-02-05 23:40:14.634,1755465,9584.04,0.020868,199.99974672
787,1580946014634,2020-02-05 23:40:14.634,1755466,9583.96,0.025725,246.547371
788,1580946014634,2020-02-05 23:40:14.634,1755467,9583.95,0.001889,18.10408155
789,1580946014634,2020-02-05 23:40:14.634,1755468,9583.1,0.1,958.31
790,1580946014637,2020-02-05 23:40:14.637,1755469,9582.15,0.0016,15.33144
791,1580946014637,2020-02-05 23:40:14.637,1755470,9581.24,0.013435,128.7239594
792,1580946014639,2020-02-05 23:40:14.639,1755471,9581.24,0.001765,16.9108886
793,1580946014639,2020-02-05 23:40:14.639,1755472,9581.23,0.010407,99.71186061
794,1580946014684,2020-02-05 23:40:14.684,1755473,9581.23,0.005127,49.12296621
795,1580946018070,2020-02-05 23:40:18.070,1755474,9580.55,0.020875,199.99398125
796,1580946018189,2020-02-05 23:40:18.189,1755475,9580.55,0.020875,199.99398125
797,1580946018380,2020-02-05 23:40:18.380,1755476,9580.45,0.005219,50.00036855
798,1580946019559,2020-02-05 23:40:19.559,1755477,9582.94,0.010408,99.73923952
799,1580946020666,2020-02-05 23:40:20.666,1755478,9586.45,0.008,76.6916
800,1580946020879,2020-02-05 23:40:20.879,1755479,9586.46,0.01,95.8646
801,1580946020984,2020-02-05 23:40:20.984,1755480,9586.46,0.155631,1491.95035626
802,1580946021086,2020-02-05 23:40:21.086,1755481,9586.46,0.154797,1483.95524862
803,1580946021206,2020-02-05 23:40:21.206,1755482,9586.46,0.154797,1483.95524862
804,1580946021307,2020-02-05 23:40:21.307,1755483,9586.46,0.525807,5040.62777322
805,1580946021325,2020-02-05 23:40:21.325,1755484,9586.46,0.003274,31.38607004
806,1580946023327,2020-02-05 23:40:23.327,1755485,9587.96,0.031227,299.40322692
807,1580946033475,2020-02-05 23:40:33.475,1755486,9591.28,0.002082,19.96904496
808,1580946045648,2020-02-05 23:40:45.648,1755487,9593.21,0.020848,199.99924208
809,1580946045742,2020-02-05 23:40:45.742,1755488,9593.31,0.010421,99.97188351
810,1580946045851,2020-02-05 23:40:45.851,1755489,9593.31,0.010427,100.02944337
811,1580946045966,2020-02-05 23:40:45.966,1755490,9593.11,0.010421,99.96979931
812,1580946048669,2020-02-05 23:40:48.669,1755491,9593.85,0.01042,99.967917
813,1580946049311,2020-02-05 23:40:49.311,1755492,9593.85,1e-06,0.00959385
814,1580946049311,2020-02-05 23:40:49.311,1755493,9596.05,0.003999,38.37460395
815,1580946067868,2020-02-05 23:41:07.868,1755494,9595.38,0.004172,40.03192536
816,1580946067868,2020-02-05 23:41:07.868,1755495,9595.38,0.014017,134.49844146
817,1580946068040,2020-02-05 23:41:08.040,1755496,9595.37,0.02,191.9074
818,1580946068196,2020-02-05 23:41:08.196,1755497,9595.1,0.010418,99.9617518
819,1580946072686,2020-02-05 23:41:12.686,1755498,9593.32,0.020848,200.00153536
820,1580946072885,2020-02-05 23:41:12.885,1755499,9593.22,0.01042,99.9613524
821,1580946072998,2020-02-05 23:41:12.998,1755500,9593.21,0.028137,269.92414977
822,1580946073097,2020-02-05 23:41:13.097,1755501,9593.21,0.010421,99.97084141
823,1580946073207,2020-02-05 23:41:13.207,1755502,9593.21,0.261442,2508.06800882
824,1580946073301,2020-02-05 23:41:13.301,1755503,9592.53,0.020848,199.98506544
825,1580946074073,2020-02-05 23:41:14.073,1755504,9590.47,0.010421,99.94228787
826,1580946074073,2020-02-05 23:41:14.073,1755505,9588.64,0.010579,101.43822256
827,1580946075637,2020-02-05 23:41:15.637,1755506,9588.91,0.010425,99.96438675
828,1580946079799,2020-02-05 23:41:19.799,1755507,9589.85,0.010418,99.9070573
829,1580946079900,2020-02-05 23:41:19.900,1755508,9591.26,0.031266,299.88033516
830,1580946080006,2020-02-05 23:41:20.006,1755509,9591.27,0.003734,35.81380218
831,1580946092311,2020-02-05 23:41:32.311,1755510,9594.15,0.008,76.7532
832,1580946092405,2020-02-05 23:41:32.405,1755511,9594.2,0.02,191.884
833,1580946092405,2020-02-05 23:41:32.405,1755512,9594.2,0.008,76.7536
834,1580946093162,2020-02-05 23:41:33.162,1755513,9597.08,0.004235,40.6436338
835,1580946093267,2020-02-05 23:41:33.267,1755514,9597.08,0.008,76.77664
836,1580946093694,2020-02-05 23:41:33.694,1755515,9597.09,0.008,76.77672
837,1580946093919,2020-02-05 23:41:33.919,1755516,9596.92,0.496096,4760.99362432
838,1580946094010,2020-02-05 23:41:34.010,1755517,9596.92,0.503904,4835.92637568
839,1580946094010,2020-02-05 23:41:34.010,1755518,9596.92,0.001697,16.28597324
840,1580946094118,2020-02-05 23:41:34.118,1755519,9596.92,0.006303,60.48938676
841,1580946094218,2020-02-05 23:41:34.218,1755520,9597.1,0.002086,20.0195506
842,1580946094218,2020-02-05 23:41:34.218,1755521,9597.1,0.008,76.7768
843,1580946096928,2020-02-05 23:41:36.928,1755522,9597.78,0.002086,20.02096908
844,1580946096928,2020-02-05 23:41:36.928,1755523,9597.78,0.008,76.78224
845,1580946097040,2020-02-05 23:41:37.040,1755524,9597.79,0.514374,4936.85363346
846,1580946097136,2020-02-05 23:41:37.136,1755525,9597.79,0.485626,4660.93636654
847,1580946101826,2020-02-05 23:41:41.826,1755526,9600.81,0.3,2880.243
848,1580946101937,2020-02-05 23:41:41.937,1755527,9600.81,0.4039,3877.767159
849,1580946106038,2020-02-05 23:41:46.038,1755528,9603.49,0.010409,99.96272741
850,1580946106161,2020-02-05 23:41:46.161,1755529,9603.42,0.02,192.0684
851,1580946114606,2020-02-05 23:41:54.606,1755530,9600.42,0.010412,99.95957304
852,1580946114928,2020-02-05 23:41:54.928,1755531,9598.0,0.003387,32.508426
853,1580946115015,2020-02-05 23:41:55.015,1755532,9601.38,0.015551,149.31106038
854,1580946115015,2020-02-05 23:41:55.015,1755533,9601.56,0.006336,60.83548416
855,1580946115015,2020-02-05 23:41:55.015,1755534,9601.57,0.010409,99.94274213
856,1580946115015,2020-02-05 23:41:55.015,1755535,9602.85,0.069979,671.99784015
857,1580946117775,2020-02-05 23:41:57.775,1755536,9598.16,0.010414,99.95523824
858,1580946120801,2020-02-05 23:42:00.801,1755537,9599.08,0.02,191.9816
859,1580946120894,2020-02-05 23:42:00.894,1755538,9599.36,0.010412,99.94853632
860,1580946121102,2020-02-05 23:42:01.102,1755539,9601.05,0.010414,99.9853347
861,1580946121210,2020-02-05 23:42:01.210,1755540,9601.06,0.020834,200.02848404
862,1580946137216,2020-02-05 23:42:17.216,1755541,9603.66,0.032006,307.37474196
863,1580946148518,2020-02-05 23:42:28.518,1755542,9602.91,0.02,192.0582
864,1580946150475,2020-02-05 23:42:30.475,1755543,9602.26,0.01041,99.9595266
865,1580946169101,2020-02-05 23:42:49.101,1755544,9604.93,0.002083,20.00706919
866,1580946169212,2020-02-05 23:42:49.212,1755545,9604.95,0.01041,99.9875295
867,1580946170465,2020-02-05 23:42:50.465,1755546,9605.23,0.02,192.1046
868,1580946172245,2020-02-05 23:42:52.245,1755547,9607.51,0.035,336.26285
869,1580946181119,2020-02-05 23:43:01.119,1755548,9608.14,0.010404,99.96308856
870,1580946181207,2020-02-05 23:43:01.207,1755549,9608.24,0.020815,199.9955156
871,1580946181309,2020-02-05 23:43:01.309,1755550,9607.81,0.010404,99.95965524
872,1580946181425,2020-02-05 23:43:01.425,1755551,9607.8,0.02,192.156
873,1580946196069,2020-02-05 23:43:16.069,1755552,9608.24,0.02,192.1648
874,1580946196163,2020-02-05 23:43:16.163,1755553,9608.4,0.010404,99.9657936
875,1580946259734,2020-02-05 23:44:19.734,1755554,9608.69,0.004166,40.02980254
876,1580946259949,2020-02-05 23:44:19.949,1755555,9608.68,0.010405,99.9783154
877,1580946260477,2020-02-05 23:44:20.477,1755556,9608.33,0.010404,99.96506532
878,1580946261429,2020-02-05 23:44:21.429,1755557,9605.76,0.020821,200.00152896
879,1580946261842,2020-02-05 23:44:21.842,1755558,9605.78,0.006153,59.10436434
880,1580946263008,2020-02-05 23:44:23.008,1755559,9605.78,0.014668,140.89758104
881,1580946263008,2020-02-05 23:44:23.008,1755560,9605.78,0.0152,146.007856
882,1580946263112,2020-02-05 23:44:23.112,1755561,9605.78,0.020821,200.00194538
883,1580946263112,2020-02-05 23:44:23.112,1755562,9605.68,0.004785,45.9631788
884,1580946263209,2020-02-05 23:44:23.209,1755563,9605.68,0.005621,53.99352728
885,1580946274897,2020-02-05 23:44:34.897,1755564,9603.95,0.020824,199.9926548
886,1580946274897,2020-02-05 23:44:34.897,1755565,9603.95,0.006176,59.3139952
887,1580946274984,2020-02-05 23:44:34.984,1755566,9603.95,0.009024,86.6660448
888,1580946292191,2020-02-05 23:44:52.191,1755567,9605.91,0.010404,99.93988764
889,1580946325138,2020-02-05 23:45:25.138,1755568,9609.37,0.002083,20.01631771
890,1580946325138,2020-02-05 23:45:25.138,1755569,9609.37,0.020813,199.99981781
891,1580946325246,2020-02-05 23:45:25.246,1755570,9609.61,0.02081,199.9759841
892,1580946325450,2020-02-05 23:45:25.450,1755571,9612.07,0.063376,609.17454832
893,1580946339719,2020-02-05 23:45:39.719,1755572,9613.38,0.004166,40.04934108
894,1580946339925,2020-02-05 23:45:39.925,1755573,9612.07,0.0152,146.103464
895,1580946340030,2020-02-05 23:45:40.030,1755574,9612.06,0.0104,99.965424
896,1580946340030,2020-02-05 23:45:40.030,1755575,9612.06,0.0152,146.103312
897,1580946353549,2020-02-05 23:45:53.549,1755576,9612.99,0.003096,29.76181704
898,1580946353549,2020-02-05 23:45:53.549,1755577,9612.99,0.020805,199.99825695
899,1580946353549,2020-02-05 23:45:53.549,1755578,9613.44,0.0104,99.979776
900,1580946356300,2020-02-05 23:45:56.300,1755579,9614.7,0.002083,20.0274201
901,1580946356300,2020-02-05 23:45:56.300,1755580,9615.02,0.002979,28.64314458
902,1580946356300,2020-02-05 23:45:56.300,1755581,9615.12,0.02,192.3024
903,1580946356300,2020-02-05 23:45:56.300,1755582,9615.83,0.004943,47.53104769
904,1580946356300,2020-02-05 23:45:56.300,1755583,9615.84,0.100221,963.70910064
905,1580946358569,2020-02-05 23:45:58.569,1755584,9615.61,0.003306,31.78920666
906,1580946358569,2020-02-05 23:45:58.569,1755585,9615.67,0.020799,199.99632033
907,1580946358569,2020-02-05 23:45:58.569,1755586,9615.83,0.002083,20.02977389
908,1580946358569,2020-02-05 23:45:58.569,1755587,9615.84,0.149779,1440.25089936
909,1580946358736,2020-02-05 23:45:58.736,1755588,9616.9,0.003214,30.9087166
910,1580946358736,2020-02-05 23:45:58.736,1755589,9617.07,0.016674,160.35502518
911,1580946358980,2020-02-05 23:45:58.980,1755590,9616.9,0.003124,30.0431956
912,1580946358980,2020-02-05 23:45:58.980,1755591,9617.07,0.076401,734.75376507
913,1580946359053,2020-02-05 23:45:59.053,1755592,9617.07,0.036019,346.39724433
914,1580946359070,2020-02-05 23:45:59.070,1755593,9617.07,0.018019,173.28998433
915,1580946360835,2020-02-05 23:46:00.835,1755594,9618.78,0.020845,200.5034691
916,1580946360918,2020-02-05 23:46:00.918,1755595,9618.78,0.034155,328.5294309
917,1580946360918,2020-02-05 23:46:00.918,1755596,9619.34,0.02,192.3868
918,1580946360918,2020-02-05 23:46:00.918,1755597,9619.36,0.045245,435.2279432
919,1580946379161,2020-02-05 23:46:19.161,1755598,9617.3,0.010393,99.9525989
920,1580946392989,2020-02-05 23:46:32.989,1755599,9616.18,0.010395,99.9601911
921,1580946392989,2020-02-05 23:46:32.989,1755600,9616.18,0.004595,44.1863471
922,1580946393502,2020-02-05 23:46:33.502,1755601,9616.18,0.010395,99.9601911
923,1580946419994,2020-02-05 23:46:59.994,1755602,9619.39,0.020791,199.99673749
924,1580946420105,2020-02-05 23:47:00.105,1755603,9619.39,0.020791,199.99673749
925,1580946420203,2020-02-05 23:47:00.203,1755604,9619.49,0.010393,99.97535957
926,1580946423547,2020-02-05 23:47:03.547,1755605,9620.15,0.002083,20.03877245
927,1580946424506,2020-02-05 23:47:04.506,1755606,9622.79,0.010387,99.95191973
928,1580946424613,2020-02-05 23:47:04.613,1755607,9622.79,0.010387,99.95191973
929,1580946463403,2020-02-05 23:47:43.403,1755608,9623.45,0.02,192.469
930,1580946464133,2020-02-05 23:47:44.133,1755609,9622.78,0.0152,146.266256
931,1580946464133,2020-02-05 23:47:44.133,1755610,9622.78,0.02,192.4556
932,1580946464228,2020-02-05 23:47:44.228,1755611,9622.77,0.00416,40.0307232
933,1580946464356,2020-02-05 23:47:44.356,1755612,9622.76,0.006244,60.08451344
934,1580946464554,2020-02-05 23:47:44.554,1755613,9622.76,0.004144,39.87671744
935,1580946466369,2020-02-05 23:47:46.369,1755614,9620.14,0.010389,99.94363446
936,1580946468384,2020-02-05 23:47:48.384,1755615,9617.78,0.004796,46.12687288
937,1580946468384,2020-02-05 23:47:48.384,1755616,9617.78,0.0152,146.190256
938,1580946468475,2020-02-05 23:47:48.475,1755617,9617.77,0.00416,40.0099232
939,1580946468587,2020-02-05 23:47:48.587,1755618,9617.77,0.0152,146.190104
940,1580946509098,2020-02-05 23:48:29.098,1755619,9620.34,0.020789,199.99724826
941,1580946509098,2020-02-05 23:48:29.098,1755620,9620.44,0.02079,200.0089476
942,1580946509098,2020-02-05 23:48:29.098,1755621,9620.45,0.002079,20.00091555
943,1580946510470,2020-02-05 23:48:30.470,1755622,9620.45,1e-06,0.00962045
944,1580946510470,2020-02-05 23:48:30.470,1755623,9620.45,0.020789,199.99953505
945,1580946542056,2020-02-05 23:49:02.056,1755624,9621.59,0.01039,99.9683201
946,1580946549649,2020-02-05 23:49:09.649,1755625,9620.23,0.004158,40.00091634
947,1580946549649,2020-02-05 23:49:09.649,1755626,9620.22,0.006233,59.96283126
948,1580946549753,2020-02-05 23:49:09.753,1755627,9620.22,0.004158,40.00087476
949,1580946578172,2020-02-05 23:49:38.172,1755628,9622.3,0.020777,199.9225271
950,1580946585746,2020-02-05 23:49:45.746,1755629,9622.89,0.020783,199.99252287
951,1580946585872,2020-02-05 23:49:45.872,1755630,9622.89,0.020783,199.99252287
952,1580946585956,2020-02-05 23:49:45.956,1755631,9622.99,0.020781,199.97535519
953,1580946586072,2020-02-05 23:49:46.072,1755632,9623.0,0.002079,20.006217
954,1580946604293,2020-02-05 23:50:04.293,1755633,9626.06,0.002079,20.01257874
955,1580946604293,2020-02-05 23:50:04.293,1755634,9626.06,0.020776,199.99102256
956,1580946641466,2020-02-05 23:50:41.466,1755635,9629.56,0.002079,20.01985524
957,1580946641466,2020-02-05 23:50:41.466,1755636,9629.56,0.000286,2.75405416
958,1580946641847,2020-02-05 23:50:41.847,1755637,9626.69,0.004158,40.02777702
959,1580946641955,2020-02-05 23:50:41.955,1755638,9626.68,0.010384,99.96344512
960,1580946653013,2020-02-05 23:50:53.013,1755639,9624.47,0.010384,99.94049648
961,1580946653013,2020-02-05 23:50:53.013,1755640,9624.47,0.004158,40.01854626
962,1580946653338,2020-02-05 23:50:53.338,1755641,9623.21,0.010386,99.94665906
963,1580946653450,2020-02-05 23:50:53.450,1755642,9623.21,0.010386,99.94665906
964,1580946653549,2020-02-05 23:50:53.549,1755643,9623.2,0.02078,199.970096
965,1580946664174,2020-02-05 23:51:04.174,1755644,9622.34,0.077,740.92018
966,1580946664174,2020-02-05 23:51:04.174,1755645,9622.34,0.020783,199.98109222
967,1580946676077,2020-02-05 23:51:16.077,1755646,9621.15,0.001196,11.5068954
968,1580946676077,2020-02-05 23:51:16.077,1755647,9621.15,0.0152,146.24148
969,1580946679668,2020-02-05 23:51:19.668,1755648,9618.98,0.004158,39.99571884
970,1580946679668,2020-02-05 23:51:19.668,1755649,9618.98,0.020792,199.99783216
971,1580946688112,2020-02-05 23:51:28.112,1755650,9617.0,0.020796,199.995132
972,1580946688207,2020-02-05 23:51:28.207,1755651,9617.0,0.020796,199.995132
973,1580946688317,2020-02-05 23:51:28.317,1755652,9616.9,0.149477,1437.5053613
974,1580946688428,2020-02-05 23:51:28.428,1755653,9616.9,0.151556,1457.4988964
975,1580946697281,2020-02-05 23:51:37.281,1755654,9615.05,0.055,528.82775
976,1580946700475,2020-02-05 23:51:40.475,1755655,9612.04,0.02,192.2408
977,1580946701504,2020-02-05 23:51:41.504,1755656,9611.5,0.001197,11.5049655
978,1580946701644,2020-02-05 23:51:41.644,1755657,9609.99,0.001197,11.50315803
979,1580946701943,2020-02-05 23:51:41.943,1755658,9609.99,0.164547,1581.29502453
980,1580946727792,2020-02-05 23:52:07.792,1755659,9609.05,0.010384,99.7803752
981,1580946727792,2020-02-05 23:52:07.792,1755660,9609.05,0.020813,199.99315765
982,1580946727894,2020-02-05 23:52:07.894,1755661,9609.06,0.002079,19.97723574
983,1580946731507,2020-02-05 23:52:11.507,1755662,9609.52,0.02,192.1904
984,1580946759205,2020-02-05 23:52:39.205,1755663,9609.53,0.009092,87.36984676
985,1580946759304,2020-02-05 23:52:39.304,1755664,9609.53,0.004158,39.95642574
986,1580946759410,2020-02-05 23:52:39.410,1755665,9609.52,0.010403,99.96783656
987,1580946760781,2020-02-05 23:52:40.781,1755666,9605.82,0.148616,1427.57854512
988,1580946760885,2020-02-05 23:52:40.885,1755667,9605.81,0.024929,239.46323749
989,1580946760988,2020-02-05 23:52:40.988,1755668,9605.81,0.158872,1526.09424632
990,1580946761102,2020-02-05 23:52:41.102,1755669,9605.81,0.066199,635.89501619
991,1580946761630,2020-02-05 23:52:41.630,1755670,9602.67,0.152611,1465.47307137
992,1580946762704,2020-02-05 23:52:42.704,1755671,9600.34,0.013843,132.89750662
993,1580946762821,2020-02-05 23:52:42.821,1755672,9597.8,0.031213,299.5761314
994,1580946765305,2020-02-05 23:52:45.305,1755673,9601.35,0.031156,299.1396606
995,1580946765305,2020-02-05 23:52:45.305,1755674,9601.35,0.008,76.8108
996,1580946767104,2020-02-05 23:52:47.104,1755675,9603.04,0.010403,99.90042512
997,1580946767104,2020-02-05 23:52:47.104,1755676,9603.04,0.008,76.82432
998,1580946767193,2020-02-05 23:52:47.193,1755677,9603.04,0.008,76.82432
999,1580946774260,2020-02-05 23:52:54.260,1755678,9602.56,0.01041,99.9626496
